Year,Player_Id,Matches_Batted,Not_Outs,Runs_Scored,Highest_Score,Batting_Average,Balls_Faced,Batting_Strike_Rate,Centuries,Half_Centuries,Fours,Sixes,Catches_Taken,Stumpings,Matches_Bowled,Balls_Bowled,Runs_Conceded,Wickets_Taken,Best_Bowling_Match,Bowling_Average,Economy_Rate,Bowling_Strike_Rate,Four_Wicket_Hauls,Five_Wicket_Hauls
2024,175,2,0,61,46,30.5,51,119.61,0,0,8,1,0,0,2,0,0,0,0,0,0,0,0,0
2023,175,16,1,590,92,42.14,400,147.5,0,4,46,30,17,0,16,0,0,0,0,0,0,0,0,0
2022,175,14,0,368,99,26.29,291,126.46,0,3,33,14,4,0,14,0,0,0,0,0,0,0,0,0
2021,175,16,2,635,101*,45.35,466,136.26,1,4,64,23,6,0,16,0,0,0,0,0,0,0,0,0
2020,175,6,2,204,72,51,169,120.71,0,3,16,6,4,0,6,0,0,0,0,0,0,0,0,0
2023,47,16,2,672,92*,51.69,481,139.71,0,6,77,18,6,0,16,0,0,0,0,0,0,0,0,0
2022,47,7,1,252,87,42,173,145.66,0,3,22,12,2,0,7,0,0,0,0,0,0,0,0,0
2024,121,2,0,0,0,0,0,0,0,0,0,0,2,0,2,0,0,0,0,0,0,0,0,0
2023,121,16,8,104,32*,26,57,182.46,0,0,3,10,7,3,16,0,0,0,0,0,0,0,0,0
2022,121,14,6,232,50*,33.14,188,123.4,0,1,21,10,9,0,14,0,0,0,0,0,0,0,0,0
2021,121,16,4,114,18*,16.28,107,106.54,0,0,12,3,13,0,16,0,0,0,0,0,0,0,0,0
2020,121,14,4,200,47*,25,172,116.27,0,0,16,7,15,1,14,0,0,0,0,0,0,0,0,0
2019,121,15,7,416,84*,83.2,309,134.62,0,3,22,23,11,5,15,0,0,0,0,0,0,0,0,0
2018,121,16,9,455,79*,75.83,302,150.66,0,3,24,30,11,3,16,0,0,0,0,0,0,0,0,0
2017,121,16,4,290,61*,26.36,250,116,0,1,15,16,10,3,16,0,0,0,0,0,0,0,0,0
2016,121,14,5,284,64*,40.57,210,135.23,0,1,18,14,8,4,14,0,0,0,0,0,0,0,0,0
2015,121,17,5,372,53,31,305,121.96,0,1,27,17,8,3,17,0,0,0,0,0,0,0,0,0
2014,121,16,10,371,57*,74.2,250,148.4,0,1,22,20,3,1,16,0,0,0,0,0,0,0,0,0
2013,121,18,5,461,67*,41.9,283,162.89,0,4,32,25,15,2,18,0,0,0,0,0,0,0,0,0
2012,121,19,5,358,51*,29.83,278,128.77,0,1,26,9,12,2,19,0,0,0,0,0,0,0,0,0
2011,121,16,4,392,70*,43.55,247,158.7,0,2,25,23,5,5,16,0,0,0,0,0,0,0,0,0
2010,121,13,2,287,66*,31.88,210,136.66,0,2,26,8,5,6,13,0,0,0,0,0,0,0,0,0
2009,121,14,5,332,58*,41.5,261,127.2,0,2,22,9,4,4,14,0,0,0,0,0,0,0,0,0
2008,121,16,4,414,65,41.4,310,133.54,0,2,38,15,6,0,16,0,0,0,0,0,0,0,0,0
2024,9,2,0,39,27,19.5,31,125.81,0,0,0,2,0,0,2,0,0,0,0,0,0,0,0,0
2023,9,14,1,326,71*,32.6,189,172.49,0,2,24,16,8,0,14,0,0,0,0,0,0,0,0,0
2022,9,7,0,133,44,19,128,103.91,0,0,14,4,3,0,7,0,0,0,0,0,0,0,0,0
2021,9,2,0,8,8,8,8,100,0,0,1,0,0,0,0,0,0,0,0,0,0,0,0,0
2020,9,9,0,113,60,14.12,107,105.6,0,1,12,2,4,0,9,0,0,0,0,0,0,0,0,0
2019,9,14,1,393,105*,32.75,285,137.89,1,1,45,9,5,0,14,0,0,0,0,0,0,0,0,0
2018,9,15,1,370,65*,28.46,313,118.21,0,1,39,5,4,0,15,0,0,0,0,0,0,0,0,0
2017,9,16,1,382,60,25.46,323,118.26,0,2,35,9,7,0,16,0,0,0,0,0,0,0,0,0
2016,9,14,3,480,74,43.63,379,126.64,0,6,54,9,7,0,14,0,0,0,0,0,0,0,0,0
2015,9,14,2,540,91*,49.09,413,130.75,0,4,53,13,3,0,14,0,0,0,0,0,0,0,0,0
2014,9,13,0,339,72,28.25,291,116.49,0,3,38,3,6,0,13,0,0,0,0,0,0,0,0,0
2013,9,18,4,488,68*,34.85,458,106.55,0,4,42,11,10,0,18,0,0,0,0,0,0,0,0,0
2012,9,16,2,560,103*,40,433,129.33,1,3,73,10,11,0,16,0,0,0,0,0,0,0,0,0
2011,9,10,1,120,52,20,98,122.44,0,1,12,2,1,0,10,0,0,0,0,0,0,0,0,0
2009,9,8,1,144,62*,24,123,117.07,0,2,12,3,1,0,8,6,5,1,5-Jan,5,5,6,0,0
2008,9,2,0,4,4,2,17,23.52,0,0,1,0,0,0,0,0,0,0,0,0,0,0,0,0
No stats,187,No stats,No stats,No stats,No stats,No stats,No stats,No stats,No stats,No stats,No stats,No stats,No stats,No stats,No stats,No stats,No stats,No stats,No stats,No stats,No stats,No stats,No stats,No stats
2024,179,2,0,0,0,0,0,0,0,0,0,0,0,0,2,0,0,0,0,0,0,0,0,0
No stats,28,No stats,No stats,No stats,No stats,No stats,No stats,No stats,No stats,No stats,No stats,No stats,No stats,No stats,No stats,No stats,No stats,No stats,No stats,No stats,No stats,No stats,No stats,No stats
2024,163,2,1,25,25*,0,17,147.06,0,0,0,1,0,0,2,24,21,0,0/21,0,5.25,0,0,0
2023,163,16,4,190,25*,23.75,133,142.86,0,0,11,9,9,0,16,342,431,20,20-Mar,21.55,7.56,17.1,0,0
2022,163,10,4,116,26*,19.33,98,118.37,0,0,6,5,7,0,10,198,248,5,Mar-39,49.6,7.52,39.6,0,0
2021,163,16,9,227,62*,75.66,156,145.51,0,1,19,9,13,0,16,294,346,13,13-Mar,26.61,7.06,22.61,0,0
2020,163,14,6,232,50,46.4,135,171.85,0,1,22,11,5,0,14,218,318,6,Feb-42,53,8.75,36.33,0,0
2019,163,16,6,106,31*,35.33,88,120.45,0,0,7,4,9,0,16,324,343,15,9-Mar,22.86,6.35,21.6,0,0
2018,163,16,5,89,27*,17.8,74,120.27,0,0,3,4,11,0,16,246,303,11,18-Mar,27.54,7.39,22.36,0,0
2017,163,12,6,158,28,39.5,113,139.82,0,0,13,4,2,0,12,228,349,5,28-Feb,69.8,9.18,45.6,0,0
2016,163,15,6,191,36*,21.22,178,107.3,0,0,14,4,4,0,15,241,311,8,18-Feb,38.87,7.74,30.12,0,0
2015,163,17,5,132,24,18.85,126,104.76,0,0,7,3,13,0,17,256,330,11,11-Apr,30,7.73,23.27,1,0
2014,163,16,5,146,36*,29.2,110,132.72,0,0,9,5,4,0,16,326,443,19,12-Apr,23.31,8.15,17.15,2,0
2013,163,18,6,201,38*,25.12,135,148.88,0,0,17,6,6,0,18,259,323,13,20-Mar,24.84,7.48,19.92,0,0
2012,163,19,2,191,48,15.91,151,126.49,0,0,13,9,2,0,19,210,273,12,16-May,22.75,7.8,17.5,0,1
2011,163,14,3,283,47,31.44,228,124.12,0,0,20,14,1,0,14,252,305,8,25-Feb,38.12,7.26,31.5,0,0
2009,163,13,2,295,42,26.81,266,110.9,0,0,21,6,4,0,13,140,151,6,15-Mar,25.16,6.47,23.33,0,0
2008,163,14,2,135,36*,19.28,103,131.06,0,0,11,6,7,0,14,13,21,0,0/0,0,9.69,0,0,0
2023,112,3,2,2,1*,0,4,50,0,0,0,0,1,0,3,72,81,3,28-Feb,27,6.75,24,0,0
2022,112,6,2,22,11,11,27,81.48,0,0,3,0,2,0,6,114,130,4,15-Jan,32.5,6.84,28.5,0,0
2020,112,2,0,0,0,0,0,0,0,0,0,0,1,0,2,42,53,2,23-Jan,26.5,7.57,21,0,0
2019,112,4,1,32,22,32,23,139.13,0,0,0,3,1,0,4,84,94,4,13-Feb,23.5,6.71,21,0,0
2023,114,15,3,124,23,17.71,91,136.26,0,0,12,6,4,0,15,156,195,9,26-Apr,21.67,7.5,17.33,1,0
2022,114,10,0,244,93,24.4,177,137.85,0,1,24,11,5,0,10,143,158,8,13-Mar,19.75,6.63,17.88,0,0
2021,114,15,1,357,58,25.5,260,137.3,0,1,31,19,7,0,15,152,161,6,7-Mar,26.83,6.35,25.33,0,0
2020,114,3,0,12,11,4,16,75,0,0,1,0,1,0,3,30,42,1,21-Jan,42,8.4,30,0,0
2019,114,11,2,220,66,27.5,133,165.41,0,2,16,17,1,0,11,150,169,6,18-Feb,28.16,6.76,25,0,0
2018,114,5,0,77,65,19.25,46,167.39,0,1,4,6,2,0,5,79,97,3,13-Jan,32.33,7.36,26.33,0,0
2024,196,2,2,70,36*,0,42,166.67,0,0,5,5,0,0,2,0,0,0,0,0,0,0,0,0
2023,196,16,3,418,52,38,264,158.33,0,3,12,35,6,0,16,0,0,0,0,0,0,0,0,0
2022,196,11,1,289,95*,28.9,185,156.22,0,2,22,16,6,0,11,12,36,0,0/11,0,18,0,0,0
2021,196,9,1,230,64*,28.75,193,119.17,0,1,18,10,2,0,9,30,49,0,0/5,0,9.8,0,0,0
2020,196,11,2,129,27*,18.42,105,122.85,0,0,5,9,2,0,11,54,73,4,15-Feb,18.25,8.11,13.5,0,0
2019,196,4,1,40,24,13.33,33,121.21,0,0,1,3,1,0,4,10,8,0,0/3,0,4.8,0,0,0
No stats,134,No stats,No stats,No stats,No stats,No stats,No stats,No stats,No stats,No stats,No stats,No stats,No stats,No stats,No stats,No stats,No stats,No stats,No stats,No stats,No stats,No stats,No stats,No stats
No stats,8,No stats,No stats,No stats,No stats,No stats,No stats,No stats,No stats,No stats,No stats,No stats,No stats,No stats,No stats,No stats,No stats,No stats,No stats,No stats,No stats,No stats,No stats,No stats
2024,150,2,0,83,46,41.5,35,237.14,0,0,9,6,2,0,2,0,0,0,0,0,0,0,0,0
2023,190,11,2,113,68,14.13,70,161.43,0,1,13,4,4,0,11,126,220,7,23-Feb,31.43,10.48,18,0,0
2022,190,14,2,120,29*,15,87,137.93,0,0,7,7,7,0,14,290,473,15,Apr-36,31.53,9.79,19.33,1,0
2021,190,16,2,5,3*,2.5,5,100,0,0,0,0,2,0,16,359,527,21,28-Mar,25.09,8.8,17.09,0,0
2020,190,9,1,12,11,12,21,57.14,0,0,0,0,2,0,9,194,275,10,28-Feb,27.5,8.5,19.4,0,0
2019,190,10,1,14,12*,7,7,200,0,0,1,1,5,0,10,180,281,8,18-Feb,35.12,9.36,22.5,0,0
2018,190,13,1,15,15*,0,5,300,0,0,3,0,4,0,13,280,431,16,18-Feb,26.93,9.23,17.5,0,0
2017,190,12,0,0,0*,0,3,0,0,0,0,0,4,0,12,229,315,11,19-Mar,28.63,8.25,20.81,0,0
2015,190,1,1,7,7*,0,6,116.66,0,0,1,0,0,0,1,18,38,1,Jan-38,38,12.66,18,0,0
2024,40,2,1,30,22,30,26,115.38,0,0,1,2,0,0,2,0,0,0,0,0,0,0,0,0
2022,40,2,0,33,17,16.5,44,75,0,0,1,0,2,0,2,12,27,0,0/7,0,13.5,0,0,0
2023,157,2,0,0,0,0,0,0,0,0,0,0,0,0,2,36,60,3,Mar-36,20,10,12,0,0
2024,44,2,0,0,0,0,0,0,0,0,0,0,0,0,2,24,37,1,Jan-37,37,9.25,24,0,0
2023,44,10,1,1,1*,0,2,50,0,0,0,0,1,0,10,204,297,13,22-Mar,22.85,8.74,15.69,0,0
2021,44,15,2,1,1*,0,1,100,0,0,0,0,5,0,15,324,451,14,13-Apr,32.21,8.35,23.14,2,0
2020,44,14,2,7,5*,7,12,58.33,0,0,0,0,3,0,14,312,396,12,18-Feb,33,7.61,26,0,0
2019,44,17,0,7,7,3.5,9,77.77,0,0,1,0,2,0,17,387,482,22,20-Mar,21.9,7.47,17.59,0,0
2018,44,12,1,50,39,16.66,29,172.41,0,0,1,4,1,0,12,229,278,10,15-Mar,27.8,7.28,22.9,0,0
2017,44,3,0,14,14,14,6,233.33,0,0,0,2,0,0,3,42,74,1,Jan-35,74,10.57,42,0,0
2016,44,2,0,0,0,0,0,0,0,0,0,0,1,0,2,30,41,0,0/13,0,8.2,0,0,0
2024,98,1,0,0,0,0,0,0,0,0,0,0,0,0,1,24,36,0,0/36,0,9,0,0,0
2023,98,13,0,0,0,0,0,0,0,0,0,0,3,0,13,294,392,11,23-Feb,35.64,8,26.73,0,0
2022,98,9,1,7,7*,7,7,100,0,0,0,1,0,0,9,210,261,12,Apr-33,21.75,7.46,17.5,1,0
2022,123,13,1,6,4,6,6,100,0,0,1,0,3,0,13,273,424,16,Apr-46,26.5,9.32,17.06,1,0
2024,125,2,0,0,0,0,0,0,0,0,0,0,0,0,2,24,29,4,29-Apr,7.25,7.25,6,1,0
2023,125,2,1,1,1*,0,1,100,0,0,0,0,0,0,2,42,79,1,Jan-38,79,11.29,42,0,0
2022,125,8,1,3,3*,0,5,60,0,0,0,0,1,0,8,192,244,8,18-Mar,30.5,7.63,24,0,0
2021,125,14,5,8,8*,0,14,57.14,0,0,0,1,1,0,14,311,436,14,20-Mar,31.14,8.41,22.21,0,0
2018,125,7,1,1,1,1,3,33.33,0,0,0,0,2,0,7,165,230,7,24-Mar,32.85,8.36,23.57,0,0
2017,125,1,0,0,0,0,0,0,0,0,0,0,0,0,1,16,34,0,0/34,0,12.75,0,0,0
2016,125,16,0,0,0,0,0,0,0,0,0,0,2,0,16,366,421,17,16-Mar,24.76,6.9,21.52,0,0
2022,143,2,0,0,0,0,0,0,0,0,0,0,0,0,2,36,38,2,20-Feb,19,6.33,18,0,0
2022,204,6,2,7,3*,7,8,87.5,0,0,0,0,1,0,6,108,138,4,27-Feb,34.5,7.67,27,0,0
2024,223,2,0,0,0,0,0,0,0,0,0,0,0,0,2,24,47,0,0/47,0,11.75,0,0,0
2023,223,16,1,0,0*,0,1,0,0,0,0,0,2,0,16,341,564,21,Mar-45,26.86,9.92,16.24,0,0
2022,223,2,0,0,0,0,0,0,0,0,0,0,1,0,2,42,63,1,Jan-40,63,9,42,0,0
2020,223,5,1,21,20*,21,12,175,0,0,2,1,1,0,5,102,192,3,Feb-37,64,11.29,34,0,0
2023,105,12,0,0,0,0,0,0,0,0,0,0,4,0,12,278,371,19,15-Mar,19.53,8.01,14.63,0,0
2022,105,2,0,0,0,0,0,0,0,0,0,0,1,0,2,41,52,2,24-Feb,26,7.61,20.5,0,0
2024,168,1,0,18,18,18,13,138.46,0,0,2,0,1,1,1,0,0,0,0,0,0,0,0,0
2022,168,14,2,340,44,30.91,224,151.79,0,0,35,16,8,4,14,0,0,0,0,0,0,0,0,0
2021,168,16,4,419,58*,34.91,326,128.52,0,3,42,10,10,3,16,0,0,0,0,0,0,0,0,0
2020,168,14,3,343,56,31.18,301,113.95,0,1,31,9,13,0,14,0,0,0,0,0,0,0,0,0
2019,168,16,3,488,78*,37.53,300,162.66,0,3,37,27,18,6,16,0,0,0,0,0,0,0,0,0
2018,168,14,1,684,128*,52.61,394,173.6,1,5,68,37,4,2,14,0,0,0,0,0,0,0,0,0
2017,168,14,0,366,97,26.14,221,165.61,0,2,28,24,8,3,14,0,0,0,0,0,0,0,0,0
2016,168,10,2,198,69,24.75,152,130.26,0,1,19,6,3,0,10,0,0,0,0,0,0,0,0,0
2024,42,1,0,29,29,29,21,138.1,0,0,3,2,1,0,1,0,0,0,0,0,0,0,0,0
2023,42,14,0,516,86,36.86,392,131.63,0,6,69,10,7,0,14,0,0,0,0,0,0,0,0,0
2022,42,12,3,432,92*,48,287,150.52,0,5,52,15,6,0,12,0,0,0,0,0,0,0,0,0
2021,42,8,0,195,57,24.37,181,107.73,0,2,15,6,2,0,8,0,0,0,0,0,0,0,0,0
2020,42,16,2,548,85*,39.14,407,134.64,0,4,52,14,12,0,16,1,2,0,0/2,0,12,0,0,0
2019,42,12,2,692,100*,69.2,481,143.86,1,8,57,21,2,0,12,0,0,0,0,0,0,0,0,0
2017,42,14,3,641,126,58.27,452,141.81,1,4,63,26,10,0,14,0,0,0,0,0,0,0,0,0
2016,42,17,3,848,93*,60.57,560,151.42,0,9,88,31,4,0,17,0,0,0,0,0,0,0,0,0
2015,42,14,1,562,91,43.23,359,156.54,0,7,65,21,8,0,14,0,0,0,0,0,0,0,0,0
2014,42,14,3,528,90,48,375,140.8,0,6,39,24,8,0,14,0,0,0,0,0,0,0,0,0
2013,42,16,3,410,77,31.53,323,126.93,0,4,41,14,6,0,16,0,0,0,0,0,0,0,0,0
2012,42,8,1,256,109*,36.57,156,164.1,1,1,28,14,1,0,8,0,0,0,0,0,0,0,0,0
2011,42,13,0,324,77,24.92,276,117.39,0,3,34,11,4,0,13,0,0,0,0,0,0,0,0,0
2010,42,11,1,282,107*,28.2,191,147.64,1,1,27,14,8,0,11,0,0,0,0,0,0,0,0,0
2009,42,7,0,163,51,23.29,132,123.48,0,1,16,5,0,0,7,0,0,0,0,0,0,0,0,0
2023,148,8,0,106,54,13.25,85,124.71,0,1,16,1,1,0,8,0,0,0,0,0,0,0,0,0
2022,148,10,0,283,61,28.3,185,152.97,0,2,37,10,4,0,10,0,0,0,0,0,0,0,0,0
2021,148,15,0,479,82,31.93,301,159.13,0,4,56,18,1,0,15,0,0,0,0,0,0,0,0,0
2020,148,13,0,228,66,17.53,167,136.52,0,2,27,8,4,0,13,0,0,0,0,0,0,0,0,0
2019,148,16,0,353,99,22.06,264,133.71,0,2,45,9,2,0,16,0,0,0,0,0,0,0,0,0
2018,148,9,0,245,65,27.22,160,153.12,0,2,27,10,4,0,9,0,0,0,0,0,0,0,0,0
2023,242,4,0,16,13,5.33,23,69.57,0,0,1,0,2,0,4,0,0,0,0,0,0,0,0,0
2024,186,1,0,33,33,33,25,132,0,0,2,2,0,0,1,0,0,0,0,0,0,0,0,0
No stats,213,No stats,No stats,No stats,No stats,No stats,No stats,No stats,No stats,No stats,No stats,No stats,No stats,No stats,No stats,No stats,No stats,No stats,No stats,No stats,No stats,No stats,No stats,No stats
2024,5,1,1,32,32*,0,10,320,0,0,4,2,0,0,1,0,0,0,0,0,0,0,0,0
2023,5,4,0,33,20,8.25,31,106.45,0,0,1,2,4,0,4,0,0,0,0,0,0,0,0,0
No stats,62,No stats,No stats,No stats,No stats,No stats,No stats,No stats,No stats,No stats,No stats,No stats,No stats,No stats,No stats,No stats,No stats,No stats,No stats,No stats,No stats,No stats,No stats,No stats
2024,165,1,0,3,3,3,7,42.86,0,0,0,0,0,0,1,0,0,0,0,0,0,0,0,0
2019,165,1,0,7,7,7,12,58.33,0,0,0,0,0,0,0,0,0,0,0,0,0,0,0,0
2018,165,1,0,0,0*,0,5,0,0,0,0,0,0,0,1,0,0,0,0,0,0,0,0,0
No stats,90,No stats,No stats,No stats,No stats,No stats,No stats,No stats,No stats,No stats,No stats,No stats,No stats,No stats,No stats,No stats,No stats,No stats,No stats,No stats,No stats,No stats,No stats,No stats
2024,222,1,0,5,5,5,8,62.5,0,0,0,0,0,0,1,0,0,0,0,0,0,0,0,0
2023,222,2,0,25,20,12.5,31,80.65,0,0,2,0,0,0,2,12,14,1,14-Jan,14,7,12,0,0
2022,222,2,0,2,2,1,4,50,0,0,0,0,0,0,2,0,0,0,0,0,0,0,0,0
2024,30,1,0,21,21,21,13,161.54,0,0,2,1,0,0,1,24,25,0,0/25,0,6.25,0,0,0
2023,30,14,3,283,54,28.3,203,139.41,0,1,21,15,7,0,14,282,338,11,13-Feb,30.73,7.19,25.64,0,0
2022,30,13,6,182,42*,45.5,120,151.67,0,0,12,10,8,0,13,258,321,6,10-Feb,53.5,7.47,43,0,0
2021,30,12,1,40,12,8,46,86.95,0,0,2,1,4,0,12,276,306,15,21-Mar,20.4,6.65,18.4,0,0
2020,30,15,1,117,42,14.62,85,137.64,0,0,6,8,6,0,15,306,327,9,18-Feb,36.33,6.41,34,0,0
2019,30,14,6,110,26,18.33,88,125,0,0,10,3,9,0,14,306,364,10,22-Feb,36.4,7.13,30.6,0,0
2018,30,9,2,80,19,13.33,69,115.94,0,0,3,4,2,0,9,156,218,3,21-Jan,72.66,8.38,52,0,0
2017,30,14,5,227,44,28.37,162,140.12,0,0,11,11,7,0,14,288,362,15,11-Mar,24.13,7.54,19.2,0,0
2016,30,14,3,111,36*,15.85,77,144.15,0,0,4,8,2,0,14,287,388,13,21-Apr,29.84,8.11,22.07,1,0
2015,30,14,3,206,40*,22.88,174,118.39,0,0,13,8,7,0,14,280,392,13,11-Feb,30.15,8.4,21.53,0,0
2014,30,17,2,62,42*,10.33,60,103.33,0,0,6,1,7,0,17,396,405,17,24-Mar,23.82,6.13,23.29,0,0
2023,93,6,1,66,38,13.2,59,111.86,0,0,8,0,5,0,6,78,118,2,29-Jan,59,9.08,39,0,0
2022,93,12,1,161,48*,23,146,110.27,0,0,11,7,6,0,12,108,150,4,11-Feb,37.5,8.33,27,0,0
2021,93,7,3,68,22*,34,73,93.15,0,0,7,0,5,0,7,84,101,4,13-Feb,25.25,7.21,21,0,0
2024,111,1,0,20,20,20,12,166.67,0,0,2,2,0,0,1,24,52,0,0/52,0,13,0,0,0
2023,111,9,0,128,63,14.22,97,131.96,0,1,11,7,3,0,9,121,170,12,27-Apr,14.17,8.43,10.08,1,0
2022,111,8,0,251,89,31.38,189,132.8,0,2,19,14,0,0,8,72,102,4,25-Feb,25.5,8.5,18,0,0
2020,111,1,0,0,0*,0,1,0,0,0,0,0,0,0,1,4,6,0,0/6,0,9,0,0,0
2016,111,3,0,7,7,7,11,63.63,0,0,0,0,0,0,3,54,45,4,14-Feb,11.25,5,13.5,0,0
2013,111,9,1,141,38,20.14,106,132.07,0,0,6,10,7,0,9,116,182,7,7-Feb,26,9.41,16.57,0,0
2011,111,5,1,50,37,25,49,102.04,0,0,2,3,0,0,5,85,99,7,25-Apr,14.14,6.98,12.14,1,0
2010,111,3,0,28,15,14,30,93.33,0,0,1,1,0,0,3,60,88,2,19-Jan,44,8.8,30,0,0
2024,206,1,0,2,2,2,9,22.22,0,0,0,0,0,0,1,8,19,0,0/19,0,14.25,0,0,0
2023,145,1,0,16,16,16,20,80,0,0,2,0,0,0,1,18,19,1,19-Jan,19,6.33,18,0,0
2020,145,3,1,7,7*,0,13,53.84,0,0,0,0,1,0,3,48,72,0,0/14,0,9,0,0,0
No stats,230,No stats,No stats,No stats,No stats,No stats,No stats,No stats,No stats,No stats,No stats,No stats,No stats,No stats,No stats,No stats,No stats,No stats,No stats,No stats,No stats,No stats,No stats,No stats
2023,18,10,4,37,23*,12.33,29,127.59,0,0,6,0,2,0,10,240,364,10,20-Feb,36.4,9.1,24,0,0
2022,18,6,1,1,1*,0,6,16.67,0,0,0,0,2,0,6,134,217,9,Mar-42,24.11,9.72,14.89,0,0
2021,18,8,0,0,0,0,0,0,0,0,0,0,1,0,8,182,187,12,12-Feb,15.58,6.16,15.16,0,0
2020,18,16,4,7,3*,7,6,116.66,0,0,0,0,4,0,16,366,512,22,Mar-33,23.27,8.39,16.63,0,0
2024,88,1,0,1,1,1,2,50,0,0,0,0,0,0,1,24,20,2,20-Feb,10,5,12,0,0
2023,88,14,8,31,10*,15.5,48,64.58,0,0,2,0,2,0,14,294,361,10,15-Feb,36.1,7.37,29.4,0,0
2022,88,14,6,48,16*,48,52,92.31,0,0,3,2,5,0,14,298,419,21,14-Apr,19.95,8.44,14.19,2,0
2020,88,5,1,13,12,13,21,61.9,0,0,1,0,0,0,5,72,92,1,20-Jan,92,7.66,72,0,0
2019,88,9,2,12,10*,6,8,150,0,0,1,0,3,0,9,198,286,4,Feb-41,71.5,8.66,49.5,0,0
2018,88,16,2,12,7*,12,24,50,0,0,1,0,6,0,16,308,418,17,20-Apr,24.58,8.14,18.11,1,0
2017,88,12,0,20,16,10,22,90.9,0,0,2,0,1,0,12,246,340,12,25-Feb,28.33,8.29,20.5,0,0
2016,88,3,0,0,0,0,0,0,0,0,0,0,1,0,3,72,100,6,Mar-35,16.66,8.33,12,0,0
No stats,69,No stats,No stats,No stats,No stats,No stats,No stats,No stats,No stats,No stats,No stats,No stats,No stats,No stats,No stats,No stats,No stats,No stats,No stats,No stats,No stats,No stats,No stats,No stats
2024,83,1,0,0,0,0,0,0,0,0,0,0,0,0,1,24,43,2,Feb-43,21.5,10.75,12,0,0
2023,83,9,0,0,0,0,0,0,0,0,0,0,2,0,9,198,301,9,24-Feb,33.44,9.12,22,0,0
2022,83,10,0,0,0,0,2,0,0,0,0,0,0,0,10,235,315,16,25-Mar,19.69,8.04,14.69,0,0
2021,83,7,0,1,1,1,2,50,0,0,0,0,0,0,7,162,219,5,21-Mar,43.8,8.11,32.4,0,0
2020,83,7,0,0,0*,0,2,0,0,0,0,0,1,0,7,154,242,8,24-Feb,30.25,9.42,19.25,0,0
2019,83,9,0,0,0*,0,1,0,0,0,0,0,0,0,9,209,287,19,30-Mar,15.1,8.23,11,0,0
2018,83,1,0,0,0,0,0,0,0,0,0,0,0,0,1,18,38,0,0/38,0,12.66,0,0,0
2024,68,1,0,0,0,0,0,0,0,0,0,0,0,0,1,12,16,1,16-Jan,16,8,12,0,0
2023,68,8,1,1,1*,0,1,100,0,0,0,0,0,0,8,150,206,10,19-Feb,20.6,8.24,15,0,0
2019,68,13,3,10,10*,0,3,333.33,0,0,1,1,1,0,13,276,349,13,Mar-38,26.84,7.58,21.23,0,0
2017,68,6,1,8,5*,4,12,66.66,0,0,1,0,0,0,6,108,179,0,0/12,0,9.94,0,0,0
2011,68,12,5,4,1*,0,5,80,0,0,0,0,3,0,12,264,314,11,12-May,28.54,7.13,24,0,1
2010,68,7,1,6,6*,6,17,35.29,0,0,0,0,1,0,7,150,236,7,Feb-33,33.71,9.44,21.42,0,0
2009,68,11,1,16,9,8,13,123.07,0,0,1,1,2,0,11,258,297,11,15-Feb,27,6.9,23.45,0,0
2008,68,13,5,11,4*,11,11,100,0,0,1,0,2,0,13,259,331,8,9-Feb,41.37,7.66,32.37,0,0
2021,68,0,0,0,0,0,0,0,0,0,0,0,0,0,3,72,97,1,26-Jan,97,8.08,72,0,0
2020,68,0,0,0,0,0,0,0,0,0,0,0,0,0,1,18,26,0,0/26,0,8.66,0,0,0
2016,68,0,0,0,0,0,0,0,0,0,0,0,0,0,4,90,148,3,Feb-36,49.33,9.86,30,0,0
2015,68,0,0,0,0,0,0,0,0,0,0,0,0,0,4,84,159,1,25-Jan,159,11.35,84,0,0
2014,68,0,0,0,0,0,0,0,0,0,0,0,0,0,3,66,101,3,Feb-37,33.66,9.18,22,0,0
2013,68,0,0,0,0,0,0,0,0,0,0,0,0,0,16,358,466,15,27-Mar,31.06,7.81,23.86,0,0
2021,73,3,0,15,15,7.5,24,62.5,0,0,2,0,1,0,3,66,117,3,Feb-41,39,10.63,22,0,0
2023,124,10,3,7,6*,0,9,77.78,0,0,0,0,3,0,10,186,326,7,Feb-30,46.57,10.52,26.57,0,0
2022,160,2,0,7,7,7,6,116.67,0,0,1,0,0,0,2,24,28,0,0/10,0,7,0,0,0
2019,160,1,1,5,5*,0,4,125,0,0,0,0,1,0,1,24,42,0,0/42,0,10.5,0,0,0
2024,202,1,0,31,31,31,22,140.91,0,0,3,1,0,0,1,0,0,0,0,0,0,0,0,0
2023,202,17,2,890,129,59.33,564,157.8,3,4,85,33,6,0,17,0,0,0,0,0,0,0,0,0
2022,202,16,2,483,96,34.5,365,132.33,0,4,51,11,7,0,16,0,0,0,0,0,0,0,0,0
2021,202,17,0,478,57,28.11,402,118.9,0,3,50,12,6,0,17,0,0,0,0,0,0,0,0,0
2020,202,14,1,440,70*,33.84,373,117.96,0,3,44,9,7,0,14,0,0,0,0,0,0,0,0,0
2019,202,14,4,296,76,32.88,238,124.36,0,3,21,10,7,0,14,0,0,0,0,0,0,0,0,0
2018,202,13,5,203,57*,33.83,139,146.04,0,1,22,5,3,0,13,0,0,0,0,0,0,0,0,0
2024,41,1,0,12,12,12,11,109.09,0,0,1,0,1,0,1,0,0,0,0,0,0,0,0,0
2023,41,16,5,259,46,32.38,178,145.51,0,0,18,13,11,0,16,0,0,0,0,0,0,0,0,0
2022,41,16,9,481,94*,68.71,337,142.73,0,2,32,23,6,0,16,0,0,0,0,0,0,0,0,0
2021,41,9,3,124,62,24.8,113,109.73,0,1,11,3,4,0,9,0,0,0,0,0,0,0,0,0
2020,41,1,0,0,0,0,0,0,0,0,0,0,0,0,1,0,0,0,0,0,0,0,0,0
2019,41,10,2,213,59*,26.62,164,129.87,0,1,19,7,7,0,10,0,0,0,0,0,0,0,0,0
2018,41,3,1,74,26,37,64,115.62,0,0,3,2,0,0,3,0,0,0,0,0,0,0,0,0
2017,41,5,1,83,30*,27.66,80,103.75,0,0,4,4,2,0,5,0,0,0,0,0,0,0,0,0
2016,41,14,3,161,31,16.1,131,122.9,0,0,11,4,10,0,14,0,0,0,0,0,0,0,0,0
2015,41,13,2,357,89*,32.45,266,134.21,0,2,21,21,7,0,13,0,0,0,0,0,0,0,0,0
2014,41,16,6,446,66,44.6,299,149.16,0,3,34,21,14,0,16,0,0,0,0,0,0,0,0,0
2013,41,12,5,418,101*,59.71,254,164.56,1,3,28,24,8,0,12,0,0,0,0,0,0,0,0,0
2012,41,6,3,98,34*,32.66,75,130.66,0,0,6,4,1,0,6,0,0,0,0,0,0,0,0,0
2022,106,10,0,157,35,15.7,138,113.77,0,0,23,2,7,1,10,0,0,0,0,0,0,0,0,0
2011,106,3,0,22,11,7.33,33,66.66,0,0,0,0,0,0,0,0,0,0,0,0,0,0,0,0
2024,240,1,0,19,19,19,15,126.67,0,0,4,0,2,2,1,0,0,0,0,0,0,0,0,0
2023,240,17,1,371,81,23.19,287,129.27,0,2,47,8,9,2,17,0,0,0,0,0,0,0,0,0
2022,240,11,1,317,68,31.7,259,122.39,0,3,40,7,11,2,11,0,0,0,0,0,0,0,0,0
2021,240,9,0,131,44,14.55,140,93.57,0,0,7,5,6,0,9,0,0,0,0,0,0,0,0,0
2020,240,4,1,214,87,71.33,153,139.86,0,2,24,5,2,1,4,0,0,0,0,0,0,0,0,0
2019,240,5,0,86,28,17.2,53,162.26,0,0,13,1,4,1,5,0,0,0,0,0,0,0,0,0
2018,240,11,2,122,35,15.25,102,119.6,0,0,17,1,5,1,11,0,0,0,0,0,0,0,0,0
2017,240,14,1,234,93*,23.4,187,125.13,0,1,20,8,10,2,14,0,0,0,0,0,0,0,0,0
2016,240,12,1,270,56,24.54,212,127.35,0,2,29,1,7,3,12,0,0,0,0,0,0,0,0,0
2015,240,14,0,249,42,19.15,197,126.39,0,0,16,10,11,3,14,0,0,0,0,0,0,0,0,0
2014,240,17,2,362,115*,32.9,249,145.38,1,2,33,18,8,4,17,0,0,0,0,0,0,0,0,0
2013,240,3,0,70,39,23.33,56,125,0,0,6,4,0,0,3,0,0,0,0,0,0,0,0,0
2012,240,4,0,6,6,6,14,42.85,0,0,0,0,0,0,0,0,0,0,0,0,0,0,0,0
2011,240,7,2,68,46*,68,63,107.93,0,0,2,4,2,0,7,0,0,0,0,0,0,0,0,0
2010,240,13,4,67,22,22.33,53,126.41,0,0,9,1,3,3,13,0,0,0,0,0,0,0,0,0
2009,240,8,4,72,25*,24,41,175.6,0,0,3,4,2,0,8,0,0,0,0,0,0,0,0,0
2008,240,12,5,159,59*,31.8,119,133.61,0,1,12,7,8,2,12,0,0,0,0,0,0,0,0,0
No stats,35,No stats,No stats,No stats,No stats,No stats,No stats,No stats,No stats,No stats,No stats,No stats,No stats,No stats,No stats,No stats,No stats,No stats,No stats,No stats,No stats,No stats,No stats,No stats
No stats,171,No stats,No stats,No stats,No stats,No stats,No stats,No stats,No stats,No stats,No stats,No stats,No stats,No stats,No stats,No stats,No stats,No stats,No stats,No stats,No stats,No stats,No stats,No stats
2023,80,1,0,0,0,0,0,0,0,0,0,0,0,0,1,0,0,0,0,0,0,0,0,0
2022,80,13,2,216,57,19.64,231,93.51,0,1,16,8,10,0,13,0,0,0,0,0,0,0,0,0
2021,80,10,4,266,66*,44.33,235,113.19,0,2,29,2,7,0,10,0,0,0,0,0,0,0,0,0
2020,80,12,4,317,67,45.28,237,133.75,0,3,26,10,6,0,12,12,24,0,0/24,0,12,0,0,0
2019,80,9,2,156,70*,22.28,130,120,0,1,12,5,2,0,9,0,0,0,0,0,0,0,0,0
2018,80,17,3,735,84,52.5,516,142.44,0,8,64,28,6,0,17,0,0,0,0,0,0,0,0,0
2017,80,7,1,256,89,42.66,169,151.47,0,2,20,10,1,0,7,0,0,0,0,0,0,0,0,0
2016,80,6,0,124,50,20.66,122,101.63,0,1,14,0,5,0,6,6,7,0,0/7,0,7,0,0,0
2015,80,2,1,31,26*,31,27,114.81,0,0,1,1,2,0,2,0,0,0,0,0,0,0,0,0
2023,2,9,0,114,42,19,83,137.35,0,0,6,7,4,0,9,0,0,0,0,0,0,0,0,0
2022,2,8,1,108,43,18,75,144,0,0,14,3,4,0,8,0,0,0,0,0,0,0,0,0
2024,33,1,0,45,45,45,39,115.38,0,0,3,1,0,0,1,0,0,0,0,0,0,0,0,0
2023,33,8,1,362,96,51.71,256,141.41,0,3,33,12,2,0,8,0,0,0,0,0,0,0,0,0
2022,33,5,1,145,65*,36.25,114,127.19,0,1,14,3,1,0,5,0,0,0,0,0,0,0,0,0
2023,39,1,0,0,0,0,1,0,0,0,0,0,0,0,1,24,44,1,Jan-44,44,11,24,0,0
2022,39,2,0,0,0,0,0,0,0,0,0,0,0,0,2,31,59,2,Feb-37,29.5,11.42,15.5,0,0
2024,232,1,1,6,6*,0,5,120,0,0,0,0,0,0,1,0,0,0,0,0,0,0,0,0
2023,232,14,2,301,63*,37.63,188,160.11,0,3,27,15,2,0,14,0,0,0,0,0,0,0,0,0
2022,232,4,0,19,13,4.75,35,54.29,0,0,1,0,3,0,4,9,15,0,0/1,0,10,0,0,0
2021,232,7,0,58,28,11.6,52,111.53,0,0,1,3,3,0,7,66,100,3,19-Feb,33.33,9.09,22,0,0
2020,232,7,1,97,52*,24.25,96,101.04,0,1,10,1,1,0,7,79,82,4,11-Jan,20.5,6.22,19.75,0,0
2019,232,15,2,244,40*,20.33,193,126.42,0,0,11,12,10,0,15,48,70,1,11-Jan,70,8.75,48,0,0
2018,232,13,7,212,54*,53,148,143.24,0,1,11,11,6,0,13,30,58,1,22-Jan,58,11.6,30,0,0
2017,232,4,2,101,63*,50.5,75,134.66,0,1,12,1,1,0,4,0,0,0,0,0,0,0,0,0
2014,232,1,0,0,0,0,0,0,0,0,0,0,0,0,1,6,19,0,0/19,0,19,0,0,0
2024,32,1,0,17,17,17,11,154.55,0,0,1,1,0,0,2,36,57,2,27-Feb,28.5,9.5,18,0,0
2023,185,14,6,156,41*,22.29,94,165.96,0,0,13,9,7,0,14,0,0,0,0,0,0,0,0,0
2022,185,8,1,117,26,16.71,108,108.33,0,0,4,9,3,0,8,0,0,0,0,0,0,0,0,0
2021,185,11,3,153,47,21.85,114,134.21,0,0,9,10,4,0,11,0,0,0,0,0,0,0,0,0
2023,71,1,0,0,0,0,0,0,0,0,0,0,2,0,1,24,26,0,0/26,0,6.5,0,0,0
2021,71,5,1,34,23,17,26,130.76,0,0,2,1,2,0,5,102,130,2,25-Jan,65,7.64,51,0,0
2020,71,2,0,0,0,0,0,0,0,0,0,0,0,0,2,42,43,1,25-Jan,43,6.14,42,0,0
2019,71,2,0,0,0,0,0,0,0,0,0,0,2,0,2,42,50,1,25-Jan,50,7.14,42,0,0
2017,71,2,0,0,0,0,0,0,0,0,0,0,0,0,2,36,42,0,0/16,0,7,0,0,0
2016,71,5,0,6,5,3,10,60,0,0,0,0,1,0,5,102,125,2,23-Jan,62.5,7.35,51,0,0
2015,71,3,0,0,0,0,0,0,0,0,0,0,1,0,3,42,29,2,8-Jan,14.5,4.14,21,0,0
2024,153,1,0,22,22,22,15,146.67,0,0,2,1,1,0,1,0,0,0,0,0,0,0,0,0
2023,153,17,6,87,20*,21.75,57,152.63,0,0,3,7,8,0,17,13,15,0,0/7,0,6.92,0,0,0
2022,153,16,5,217,43*,31,147,147.62,0,0,22,9,5,0,16,36,76,0,0/9,0,12.67,0,0,0
2021,153,14,1,155,44,15.5,147,105.44,0,0,11,6,2,0,14,222,340,8,Mar-39,42.5,9.18,27.75,0,0
2020,153,14,5,255,53,42.5,183,139.34,0,1,13,17,9,0,14,276,326,10,25-Mar,32.6,7.08,27.6,0,0
2019,153,5,3,26,11*,26,22,118.18,0,0,2,1,6,0,5,38,42,2,10-Jan,21,6.63,19,0,0
2018,153,8,2,50,24,16.66,43,116.27,0,0,5,1,2,0,8,132,173,6,18-Mar,28.83,7.86,22,0,0
2017,153,3,1,19,15*,19,11,172.72,0,0,4,0,0,0,3,54,49,3,18-Feb,16.33,5.44,18,0,0
2015,153,1,0,0,0,0,0,0,0,0,0,0,0,0,1,18,31,1,31-Jan,31,10.33,18,0,0
2014,153,3,0,16,16,16,13,123.07,0,0,0,1,0,0,3,54,59,2,17-Jan,29.5,6.55,27,0,0
2021,116,14,3,13,9*,13,17,76.47,0,0,0,0,1,0,14,316,395,19,21-Mar,20.78,7.5,16.63,0,0
2020,116,14,2,2,2*,2,3,66.66,0,0,0,0,2,0,14,322,460,20,15-Mar,23,8.57,16.1,0,0
2019,116,14,1,1,1*,1,2,50,0,0,0,0,5,0,14,324,469,19,21-Mar,24.68,8.68,17.05,0,0
2018,116,4,0,7,7,7,6,116.66,0,0,1,0,2,0,4,83,144,3,29-Jan,48,10.4,27.66,0,0
2017,116,8,2,36,21,9,24,150,0,0,4,2,0,0,8,156,243,5,Feb-36,48.6,9.34,31.2,0,0
2016,116,8,2,2,2*,0,4,50,0,0,0,0,1,0,8,151,244,5,Feb-34,48.8,9.69,30.2,0,0
2014,116,12,2,3,1*,1.5,7,42.85,0,0,0,0,0,0,12,264,369,7,22-Jan,52.71,8.38,37.71,0,0
2013,116,3,0,5,5,5,10,50,0,0,0,0,0,0,3,54,78,1,Jan-32,78,8.66,54,0,0
2023,82,3,0,0,0,0,0,0,0,0,0,0,0,0,3,37,92,1,30-Jan,92,14.92,37,0,0
2022,82,2,0,7,7,3.5,6,116.67,0,0,1,0,0,0,2,48,79,1,Jan-42,79,9.88,48,0,0
2021,82,4,1,2,1*,2,4,50,0,0,0,0,1,0,4,84,124,4,Feb-29,31,8.85,21,0,0
2020,82,10,2,4,2*,4,6,66.66,0,0,0,0,2,0,10,229,367,9,Feb-36,40.77,9.61,25.44,0,0
No stats,209,No stats,No stats,No stats,No stats,No stats,No stats,No stats,No stats,No stats,No stats,No stats,No stats,No stats,No stats,No stats,No stats,No stats,No stats,No stats,No stats,No stats,No stats,No stats
2024,205,1,0,0,0,0,0,0,0,0,0,0,1,0,2,30,52,3,25-Feb,17.33,10.4,10,0,0
2023,137,13,1,8,7*,4,9,88.89,0,0,1,0,2,0,13,283,369,16,Mar-37,23.06,7.82,17.69,0,0
2024,176,1,0,0,0,0,0,0,0,0,0,0,0,0,2,42,52,2,24-Jan,26,7.43,21,0,0
2022,176,5,0,0,0,0,0,0,0,0,0,0,3,0,5,96,121,6,7-Feb,20.17,7.56,16,0,0
2024,224,1,0,0,0,0,0,0,0,0,0,0,0,0,2,30,58,2,Feb-31,29,11.6,15,0,0
2023,224,8,3,19,6*,9.5,18,105.56,0,0,1,0,3,0,8,114,189,1,27-Jan,189,9.95,114,0,0
2022,224,12,3,55,21,13.75,40,137.5,0,0,4,4,5,0,12,288,339,16,23-Apr,21.19,7.06,18,1,0
2020,224,2,0,0,0*,0,2,0,0,0,0,0,0,0,2,42,83,0,0/35,0,11.85,0,0,0
2019,224,11,5,25,14,12.5,25,100,0,0,3,1,4,0,11,227,371,8,Mar-36,46.37,9.8,28.37,0,0
2018,224,14,1,3,1*,0.75,11,27.27,0,0,0,0,2,0,14,319,418,20,23-Mar,20.9,7.86,15.95,0,0
2017,224,14,4,10,4*,0,13,76.92,0,0,0,0,4,0,14,291,410,17,Apr-33,24.11,8.45,17.11,1,0
2016,224,9,1,9,7*,9,5,180,0,0,0,1,1,0,9,156,213,10,28-Mar,23.4,9,15.6,0,0
2015,224,12,3,29,24*,29,14,207.14,0,0,5,1,5,0,12,252,382,10,Mar-33,38.2,9.09,25.2,0,0
2014,224,12,0,2,2,2,4,50,0,0,0,0,2,0,12,270,367,11,13-Mar,33.36,8.15,24.54,0,0
2013,224,16,7,38,12*,38,38,100,0,0,3,1,5,0,16,347,508,16,24-Apr,31.75,8.78,21.68,1,0
2012,224,17,1,2,1*,1,7,28.57,0,0,0,0,3,0,17,366,453,19,19-Mar,23.84,7.42,19.26,0,0
2011,224,7,1,1,1*,1,5,20,0,0,0,0,3,0,7,108,169,2,Feb-29,84.5,9.38,54,0,0
2010,224,7,1,3,3*,0,4,75,0,0,0,0,1,0,7,144,184,6,24-Feb,30.66,7.66,24,0,0
2024,159,1,1,4,4*,0,3,133.33,0,0,0,0,1,0,2,42,57,1,Jan-34,57,8.14,42,0,0
2023,159,17,5,130,79*,32.5,60,216.67,0,1,8,13,10,0,17,402,552,27,30-Apr,20.44,8.24,14.89,1,0
2022,159,16,4,91,40,22.75,44,206.82,0,0,3,9,7,0,16,383,421,19,24-Apr,22.16,6.6,20.16,1,0
2021,159,14,2,83,22,10.37,69,120.28,0,0,9,2,2,0,14,336,375,18,Mar-36,20.83,6.69,18.66,0,0
2020,159,16,3,35,14,8.75,30,116.66,0,0,3,2,3,0,16,384,344,20,7-Mar,17.2,5.37,19.2,0,0
2019,159,15,3,34,17*,6.8,23,147.82,0,0,2,2,4,0,15,360,377,17,21-Mar,22.17,6.28,21.17,0,0
2018,159,17,2,59,34*,11.8,31,190.32,0,0,3,6,6,0,17,408,458,21,19-Mar,21.8,6.73,19.42,0,0
2017,159,14,1,11,6*,5.5,9,122.22,0,0,0,1,5,0,14,324,358,17,19-Mar,21.05,6.62,19.05,0,0
2023,77,10,0,0,0,0,0,0,0,0,0,0,5,0,10,204,294,7,25-Feb,42,8.65,29.14,0,0
2024,119,1,0,0,0,0,0,0,0,0,0,0,1,0,2,30,39,2,Feb-32,19.5,7.8,15,0,0
2023,119,14,1,0,0*,0,1,0,0,0,0,0,6,0,14,265,361,27,10-May,13.37,8.17,9.81,2,1
2019,119,1,1,0,0*,0,2,0,0,0,0,0,0,0,1,18,27,1,27-Jan,27,9,18,0,0
2018,119,9,3,10,4*,10,13,76.92,0,0,1,0,2,0,9,178,322,7,Feb-33,46,10.85,25.42,0,0
2017,119,14,1,51,13,8.5,50,102,0,0,3,1,3,0,14,274,410,13,24-Feb,31.53,8.97,21.07,0,0
2016,119,14,2,32,15,8,26,123.07,0,0,3,1,3,0,14,291,407,13,23-Mar,31.3,8.39,22.38,0,0
2015,119,16,3,28,21*,9.33,18,155.55,0,0,1,2,5,0,16,342,481,14,25-Mar,34.35,8.43,24.42,0,0
2014,119,16,1,1,1*,0,3,33.33,0,0,0,0,3,0,16,323,452,23,14-Apr,19.65,8.39,14.04,1,0
2020,119,0,0,0,0,0,0,0,0,0,0,0,0,0,1,24,45,1,Jan-45,45,11.25,24,0,0
2013,119,0,0,0,0,0,0,0,0,0,0,0,0,0,15,304,326,20,10-Mar,16.3,6.43,15.2,0,0
No stats,100,No stats,No stats,No stats,No stats,No stats,No stats,No stats,No stats,No stats,No stats,No stats,No stats,No stats,No stats,No stats,No stats,No stats,No stats,No stats,No stats,No stats,No stats,No stats
2024,200,1,0,0,0,0,2,0,0,0,0,0,1,0,1,0,0,0,0,0,0,0,0,0
2022,200,14,1,401,85,30.85,298,134.56,0,3,41,11,5,0,14,6,7,0,0/7,0,7,0,0,0
2021,200,8,3,175,47*,35,171,102.33,0,0,7,5,6,0,8,0,0,0,0,0,0,0,0,0
2020,200,17,2,519,88*,34.6,421,123.27,0,3,40,16,6,0,17,0,0,0,0,0,0,0,0,0
2019,200,16,1,463,67,30.86,386,119.94,0,3,41,14,8,0,16,0,0,0,0,0,0,0,0,0
2018,200,14,3,411,93*,37.36,310,132.58,0,4,29,21,5,0,14,0,0,0,0,0,0,0,0,0
2017,200,12,2,338,96,33.8,243,139.09,0,2,36,10,3,0,12,0,0,0,0,0,0,0,0,0
2016,200,6,0,30,19,5,43,69.76,0,0,2,1,4,0,6,0,0,0,0,0,0,0,0,0
2015,200,14,1,439,83,33.76,342,128.36,0,4,41,21,2,0,14,0,0,0,0,0,0,0,0,0
2024,167,1,0,23,23,23,15,153.33,0,0,3,0,2,0,1,0,0,0,0,0,0,0,0,0
2023,167,14,6,474,67*,59.25,317,149.53,0,4,31,29,8,0,14,0,0,0,0,0,0,0,0,0
2022,167,7,2,174,42*,34.8,117,148.72,0,0,17,7,9,0,7,0,0,0,0,0,0,0,0,0
2020,167,1,0,11,11,11,11,100,0,0,1,0,1,0,1,0,0,0,0,0,0,0,0,0
2019,167,5,1,37,30,18.5,34,108.82,0,0,1,2,1,0,5,0,0,0,0,0,0,0,0,0
2018,167,4,0,29,16,7.25,31,93.54,0,0,4,0,4,0,4,0,0,0,0,0,0,0,0,0
2023,151,11,0,227,81,20.64,170,133.53,0,2,17,15,10,0,11,0,0,0,0,0,0,0,0,0
2024,136,1,0,9,9,9,11,81.82,0,0,1,0,0,0,1,0,0,0,0,0,0,0,0,0
2023,136,14,1,413,75,31.77,293,140.96,0,3,39,20,3,0,14,53,75,3,17-Feb,25,8.49,17.67,0,0
2022,136,14,1,361,57,27.77,251,143.82,0,2,29,22,6,0,14,12,23,0,0/9,0,11.5,0,0,0
2021,136,17,3,383,80,29.46,314,121.97,0,2,34,17,4,0,17,12,12,0,0/5,0,6,0,0,0
2020,136,14,0,352,87,25.14,254,138.58,0,3,43,12,2,0,14,12,23,0,0/7,0,11.5,0,0,0
2019,136,14,1,344,85*,34.4,235,146.38,0,3,27,21,3,0,14,48,72,3,8-Jan,24,9,16,0,0
2018,136,15,2,304,59,23.38,232,131.03,0,1,26,14,2,0,15,37,44,4,11-Feb,11,7.13,9.25,0,0
2017,136,13,1,333,62*,30.27,264,126.13,0,3,24,17,4,0,13,0,0,0,0,0,0,0,0,0
2016,136,4,0,104,70,34.66,75,138.66,0,1,7,8,0,0,4,6,3,0,0/3,0,3,0,0,0
2022,192,3,0,33,28,16.5,50,66,0,0,1,1,0,0,3,0,0,0,0,0,0,0,0,0
2019,192,7,2,73,28*,14.6,54,135.18,0,0,2,7,5,0,7,41,59,1,6-Jan,59,8.63,41,0,0
2024,140,1,0,54,54,54,40,135,0,1,3,3,0,0,1,0,0,0,0,0,0,0,0,0
2023,140,9,1,218,87,27.25,133,163.91,0,2,24,10,5,0,9,0,0,0,0,0,0,0,0,0
2022,78,2,0,8,8,4,7,114.29,0,0,2,0,0,0,2,0,0,0,0,0,0,0,0,0
2021,78,8,2,191,78*,38.2,156,122.43,0,1,10,8,4,1,8,0,0,0,0,0,0,0,0,0
2023,101,10,0,160,50,17.78,146,109.59,0,1,15,3,3,0,10,0,0,0,0,0,0,0,0,0
2022,101,6,0,88,38,14.67,80,110,0,0,9,2,3,0,6,0,0,0,0,0,0,0,0,0
2021,101,8,2,292,69*,48.66,236,123.72,0,3,21,10,5,0,8,0,0,0,0,0,0,0,0,0
2020,101,16,2,425,83*,32.69,333,127.62,0,3,35,18,7,0,16,0,0,0,0,0,0,0,0,0
2019,101,12,3,344,83*,43,263,130.79,0,3,34,6,7,0,12,0,0,0,0,0,0,0,0,0
2018,101,15,2,284,62*,25.81,246,115.44,0,3,22,5,9,0,15,0,0,0,0,0,0,0,0,0
2017,101,14,5,396,81*,49.5,308,128.57,0,2,28,12,8,0,14,0,0,0,0,0,0,0,0,0
2016,101,12,3,248,52,31,183,135.51,0,2,17,9,7,0,12,0,0,0,0,0,0,0,0,0
2015,101,13,1,225,40,20.45,184,122.28,0,0,22,7,5,0,13,0,0,0,0,0,0,0,0,0
2014,101,16,3,401,94,30.84,340,117.94,0,2,35,10,3,0,16,0,0,0,0,0,0,0,0,0
2013,101,7,1,136,66,22.66,137,99.27,0,1,11,3,6,0,7,0,0,0,0,0,0,0,0,0
2012,101,10,2,143,80*,20.42,112,127.67,0,1,12,6,3,0,10,0,0,0,0,0,0,0,0,0
2011,101,10,0,246,59,27.33,227,108.37,0,1,28,6,5,0,10,0,0,0,0,0,0,0,0,0
2010,101,13,1,249,42*,20.75,226,110.17,0,0,27,7,7,0,13,0,0,0,0,0,0,0,0,0
2009,101,5,2,168,114*,84,118,142.37,1,0,17,4,4,0,5,0,0,0,0,0,0,0,0,0
2008,101,3,0,3,3,1.5,9,33.33,0,0,0,0,0,0,0,0,0,0,0,0,0,0,0,0
No stats,16,No stats,No stats,No stats,No stats,No stats,No stats,No stats,No stats,No stats,No stats,No stats,No stats,No stats,No stats,No stats,No stats,No stats,No stats,No stats,No stats,No stats,No stats,No stats
2023,21,4,2,23,13*,11.5,19,121.05,0,0,3,0,4,0,4,48,65,3,19-Feb,21.67,8.13,16,0,0
2022,21,2,0,0,0,0,2,0,0,0,0,0,1,0,2,42,55,1,28-Jan,55,7.86,42,0,0
2019,21,0,0,0,0,0,0,0,0,0,0,0,0,0,1,12,11,1,11-Jan,11,5.5,12,0,0
2024,158,1,0,35,35,35,17,205.88,0,0,1,4,0,0,1,0,0,0,0,0,0,0,0,0
2022,158,5,2,45,14*,22.5,40,112.5,0,0,3,1,1,0,5,36,54,6,20-Mar,9,9,6,0,0
2024,15,1,1,64,64*,0,25,256,0,1,3,7,0,0,1,12,25,2,25-Feb,12.5,12.5,6,0,0
2023,15,14,3,227,42,20.64,156,145.51,0,0,13,18,6,0,14,91,172,7,22-Mar,24.57,11.34,13,0,0
2022,15,14,3,335,70*,37.22,192,174.48,0,1,18,32,2,0,14,169,278,17,5-Apr,16.35,9.87,9.94,1,0
2021,15,10,2,183,54,26.14,120,152.5,0,1,14,14,2,0,10,114,188,11,15-May,17.09,9.89,10.36,0,1
2020,15,10,0,117,25,13,81,144.44,0,0,9,9,2,0,10,108,175,6,Feb-29,29.16,9.72,18,0,0
2019,15,14,4,510,80*,56.66,249,204.81,0,4,31,52,4,0,14,181,287,11,21-Feb,26.09,9.51,16.45,0,0
2018,15,16,3,316,88*,28.72,171,184.79,0,1,17,31,8,0,16,227,355,13,31-Mar,27.3,9.38,17.46,0,0
2016,15,12,1,188,39*,26.85,114,164.91,0,0,10,15,2,0,12,219,291,15,20-Apr,19.4,7.97,14.6,1,0
2015,15,13,2,326,66,36.22,169,192.89,0,3,35,19,6,0,13,244,324,14,Mar-32,23.14,7.96,17.42,0,0
2014,15,2,0,2,1,1,8,25,0,0,0,0,0,0,2,30,52,1,25-Jan,52,10.4,30,0,0
2013,15,3,0,11,7,5.5,14,78.57,0,0,0,0,0,0,3,42,68,0,0/13,0,9.71,0,0,0
2012,15,4,0,47,31,23.5,26,180.76,0,0,3,3,0,0,4,96,161,1,Jan-51,161,10.06,96,0,0
2024,229,1,0,7,7,7,5,140,0,0,1,0,1,0,1,0,0,0,0,0,0,0,0,0
2023,229,14,0,404,104,28.86,277,145.85,1,2,32,21,3,0,14,0,0,0,0,0,0,0,0,0
2022,229,12,1,182,50*,16.55,169,107.69,0,1,17,7,4,0,12,24,46,0,0/8,0,11.5,0,0,0
2021,229,10,1,370,67,41.11,288,128.47,0,4,37,14,7,0,10,51,69,3,Feb-29,23,8.11,17,0,0
2024,211,1,0,0,0,0,0,0,0,0,0,0,1,0,1,12,18,0,0/18,0,9,0,0,0
2023,211,11,0,0,0,0,0,0,0,0,0,0,0,0,11,234,321,10,30-Mar,32.1,8.23,23.4,0,0
2021,122,1,1,1,1*,0,1,100,0,0,0,0,0,0,1,24,29,2,Feb-29,14.5,7.25,12,0,0
2020,122,2,0,1,1,1,3,33.33,0,0,0,0,0,0,2,48,83,0,0/39,0,10.37,0,0,0
2019,122,5,2,0,0*,0,4,0,0,0,0,0,1,0,5,114,191,3,Feb-31,63.66,10.05,38,0,0
2018,122,11,1,10,10*,10,7,142.85,0,0,2,0,1,0,11,248,289,14,27-Mar,20.64,6.99,17.71,0,0
2022,53,12,4,43,17,10.75,28,153.57,0,0,3,3,2,0,12,264,384,9,17-Feb,42.67,8.73,29.33,0,0
No stats,177,No stats,No stats,No stats,No stats,No stats,No stats,No stats,No stats,No stats,No stats,No stats,No stats,No stats,No stats,No stats,No stats,No stats,No stats,No stats,No stats,No stats,No stats,No stats
2024,64,1,0,0,0,0,0,0,0,0,0,0,1,0,1,24,33,3,Mar-33,11,8.25,8,0,0
2023,64,6,0,0,0,0,1,0,0,0,0,0,2,0,6,102,147,5,Feb-33,29.4,8.65,20.4,0,0
2022,64,2,1,2,2,2,2,100,0,0,0,0,0,0,2,30,51,1,24-Jan,51,10.2,30,0,0
2024,207,1,0,2,2,2,4,50,0,0,0,0,0,0,1,24,19,1,19-Jan,19,4.75,24,0,0
2023,207,14,3,21,7*,3,25,84,0,0,2,1,1,0,14,288,383,11,Mar-33,34.82,7.98,26.18,0,0
2022,207,14,2,71,22,8.88,40,177.5,0,0,6,6,3,0,14,336,312,9,21-Feb,34.67,5.57,37.33,0,0
2021,207,14,2,62,26,7.75,47,131.91,0,0,3,5,2,0,14,336,361,16,21-Apr,22.56,6.44,21,1,0
2020,207,10,0,121,64,13.44,85,142.35,0,1,10,8,2,0,10,228,302,5,28-Feb,60.4,7.94,45.6,0,0
2019,207,12,1,143,47,17.87,86,166.27,0,0,17,9,0,0,12,266,347,10,19-Feb,34.7,7.82,26.6,0,0
2018,207,16,0,357,75,22.31,188,189.89,0,2,40,23,1,0,16,366,467,17,18-Mar,27.47,7.65,21.52,0,0
2017,207,16,1,224,54,17.23,130,172.3,0,1,34,10,4,0,16,354,412,10,Feb-29,41.2,6.98,35.4,0,0
2016,207,11,3,7,4,7,13,53.84,0,0,0,0,2,0,11,257,304,11,26-Mar,27.63,7.09,23.36,0,0
2015,207,8,1,0,0*,0,1,0,0,0,0,0,1,0,8,192,234,7,19-Apr,33.42,7.31,27.42,1,0
2014,207,16,3,10,6,5,14,71.42,0,0,0,0,2,0,16,384,407,21,20-Apr,19.38,6.35,18.28,2,0
2013,207,16,3,21,13,7,19,110.52,0,0,0,2,6,0,16,384,350,22,13-Apr,15.9,5.46,17.45,2,0
2012,207,15,1,9,9*,9,7,128.57,0,0,2,0,1,0,15,355,324,24,19-May,13.5,5.47,14.79,1,1
2023,227,5,2,3,2*,0,2,150,0,0,0,0,3,0,5,96,146,5,Feb-30,29.2,9.13,19.2,0,0
2022,227,5,2,5,2,2.5,13,38.46,0,0,0,0,1,0,5,107,164,3,21-Feb,54.67,9.2,35.67,0,0
2024,228,1,0,0,0,0,0,0,0,0,0,0,1,0,1,24,55,1,Jan-55,55,13.75,24,0,0
2023,228,14,1,1,1,1,9,11.11,0,0,0,0,4,0,14,316,429,20,15-Apr,21.45,8.15,15.8,1,0
2022,228,11,4,12,10*,0,18,66.67,0,0,2,0,2,0,11,234,332,6,22-Jan,55.33,8.51,39,0,0
2021,228,17,2,2,2*,2,4,50,0,0,0,0,1,0,17,408,448,18,13-Mar,24.88,6.58,22.66,0,0
2020,228,13,1,10,7*,5,15,66.66,0,0,0,0,3,0,13,312,356,17,20-May,20.94,6.84,18.35,0,1
2019,228,1,0,0,0,0,0,0,0,0,0,0,0,0,1,18,35,1,Jan-35,35,11.66,18,0,0
2024,113,1,1,6,6*,0,3,200,0,0,1,0,0,0,1,24,53,0,0/53,0,13.25,0,0,0
2015,113,13,2,11,9*,11,14,78.57,0,0,1,0,7,0,13,258,291,20,15-Apr,14.55,6.76,12.9,1,0
2014,113,14,3,85,29,14.16,84,101.19,0,0,9,0,9,0,14,322,402,14,21-Feb,28.71,7.49,23,0,0
2023,37,2,1,4,4,4,6,66.67,0,0,1,0,0,0,2,48,89,3,Feb-53,29.67,11.13,16,0,0
2022,37,3,0,0,0,0,0,0,0,0,0,0,2,0,3,66,84,3,23-Feb,28,7.64,22,0,0
2021,37,14,1,16,7,3.2,25,64,0,0,2,0,4,0,14,312,426,14,31-Mar,30.42,8.19,22.28,0,0
2024,84,1,0,58,58,58,44,131.82,0,1,4,2,2,0,1,0,0,0,0,0,0,0,0,0
2023,84,9,1,274,74,34.25,242,113.22,0,2,28,4,4,0,9,0,0,0,0,0,0,0,0,0
2022,84,15,3,616,103*,51.33,455,135.38,2,4,45,30,9,0,15,0,0,0,0,0,0,0,0,0
2021,84,13,3,626,98*,62.6,451,138.8,0,6,48,30,11,0,13,0,0,0,0,0,0,0,0,0
2020,84,14,2,670,132*,55.83,518,129.34,1,5,58,23,10,0,14,0,0,0,0,0,0,0,0,0
2019,84,14,3,593,100*,53.9,438,135.38,1,6,49,25,7,0,14,0,0,0,0,0,0,0,0,0
2018,84,14,2,659,95*,54.91,416,158.41,0,6,66,32,10,1,14,0,0,0,0,0,0,0,0,0
2016,84,14,3,397,68*,44.11,271,146.49,0,4,37,16,5,4,14,0,0,0,0,0,0,0,0,0
2015,84,9,3,142,44*,28.4,126,112.69,0,0,8,5,1,0,9,0,0,0,0,0,0,0,0,0
2014,84,11,0,166,46,20.75,164,101.21,0,0,12,3,4,0,11,0,0,0,0,0,0,0,0,0
2013,84,5,0,20,12,10,16,125,0,0,4,0,0,0,0,0,0,0,0,0,0,0,0,0
2024,46,1,0,0,0,0,3,0,0,0,0,0,0,0,1,0,0,0,0,0,0,0,0,0
2023,46,11,1,261,52,26.1,200,130.5,0,2,31,6,4,0,11,0,0,0,0,0,0,0,0,0
2022,46,17,0,376,54,22.12,306,122.88,0,1,40,14,5,0,17,0,0,0,0,0,0,0,0,0
2021,46,14,1,411,101*,31.61,328,125.3,1,1,44,14,7,0,14,0,0,0,0,0,0,0,0,0
2020,46,15,0,473,74,31.53,379,124.8,0,5,51,8,8,0,15,0,0,0,0,0,0,0,0,0
2024,149,1,0,4,4,4,5,80,0,0,1,0,0,0,1,0,0,0,0,0,0,0,0,0
2023,149,4,0,143,70,35.75,102,140.2,0,1,10,8,2,1,4,0,0,0,0,0,0,0,0,0
2022,149,15,1,508,140*,36.29,341,148.97,1,3,47,23,12,1,15,0,0,0,0,0,0,0,0,0
2021,149,11,1,297,70*,29.7,256,116.01,0,2,29,7,4,2,11,0,0,0,0,0,0,0,0,0
2020,149,16,2,503,78*,35.92,358,140.5,0,4,46,22,18,4,16,0,0,0,0,0,0,0,0,0
2019,149,16,1,529,81,35.26,398,132.91,0,4,45,25,17,2,16,0,0,0,0,0,0,0,0,0
2018,149,8,0,201,53,25.12,162,124.07,0,1,20,8,7,3,8,0,0,0,0,0,0,0,0,0
2016,149,13,1,445,108,37.08,327,136.08,1,3,52,13,2,2,13,0,0,0,0,0,0,0,0,0
2015,149,3,0,122,69,40.66,77,158.44,0,2,18,4,0,0,3,0,0,0,0,0,0,0,0,0
2014,149,7,0,153,48,21.85,130,117.69,0,0,19,4,2,0,7,0,0,0,0,0,0,0,0,0
2013,149,3,0,6,4,2,15,40,0,0,1,0,0,0,0,0,0,0,0,0,0,0,0,0
2024,133,1,1,64,64*,0,41,156.1,0,1,4,4,0,0,1,0,0,0,0,0,0,0,0,0
2023,133,15,3,358,62,29.83,207,172.95,0,2,26,26,6,3,15,0,0,0,0,0,0,0,0,0
2022,133,14,5,306,64*,38.25,212,144.34,0,2,16,21,8,1,14,0,0,0,0,0,0,0,0,0
2021,133,12,0,85,32,7.72,76,111.84,0,0,3,5,3,0,12,0,0,0,0,0,0,0,0,0
2020,133,14,4,353,77,35.3,208,169.71,0,2,23,25,7,0,14,0,0,0,0,0,0,0,0,0
2019,133,7,0,168,48,28,107,157,0,0,10,14,1,0,7,0,0,0,0,0,0,0,0,0
2019,25,4,1,3,3*,1,10,30,0,0,0,0,0,0,0,0,0,0,0,0,0,0,0,0
No stats,25,0,0,0,0,0,0,0,0,0,0,0,0,0,No stats,No stats,No stats,No stats,No stats,No stats,No stats,No stats,No stats,No stats
2024,31,1,0,1,1,1,5,20,0,0,0,0,0,0,1,6,6,0,0/6,0,6,0,0,0
2023,31,15,2,238,59*,23.8,172,138.37,0,1,13,12,2,0,15,1,0,0,0/0,0,0,0,0,0
2022,31,13,3,161,54,20.13,130,123.85,0,1,11,7,9,0,13,12,11,2,5-Jan,5.5,5.5,6,0,0
2024,45,1,0,26,26,26,13,200,0,0,2,2,1,0,1,0,0,0,0,0,0,0,0,0
2023,45,12,1,84,17,7.64,90,93.33,0,0,3,2,10,0,12,6,8,0,0/8,0,8,0,0,0
2022,45,15,0,451,59,32.21,330,136.67,0,4,36,18,8,0,15,24,43,1,31-Jan,43,10.75,24,0,0
2021,45,12,1,160,64,16,123,130.08,0,1,9,9,7,0,12,96,136,2,15-Jan,68,8.5,48,0,0
2020,45,7,4,101,62*,101,71,142.25,0,1,5,5,3,0,7,6,9,0,0/9,0,9,0,0,0
2019,45,11,1,64,20,10.66,63,101.58,0,0,5,1,10,0,11,12,21,1,13-Jan,21,10.5,12,0,0
2018,45,9,4,87,32*,21.75,81,107.4,0,0,2,3,3,0,9,18,24,0,0/8,0,8,0,0,0
2017,45,10,3,78,19*,26,52,150,0,0,5,4,5,0,10,24,42,2,7-Jan,21,10.5,12,0,0
2016,45,17,1,144,34,10.28,121,119,0,0,9,5,3,0,17,78,97,3,16-Feb,32.33,7.46,26,0,0
2015,45,14,0,151,54,16.77,95,158.94,0,1,6,11,1,0,14,91,129,1,Jan-35,129,8.5,91,0,0
2023,85,7,3,61,23,15.25,37,164.86,0,0,2,5,6,0,7,96,118,3,10-Jan,39.33,7.38,32,0,0
2022,85,4,0,0,0,0,1,0,0,0,0,0,4,0,4,72,99,5,Feb-30,19.8,8.25,14.4,0,0
2020,85,2,1,42,22*,42,27,155.55,0,0,3,2,0,0,2,48,84,1,Jan-45,84,10.5,48,0,0
2019,85,7,1,18,9,6,19,94.73,0,0,1,1,0,0,7,120,166,1,Jan-32,166,8.3,120,0,0
2018,85,15,4,126,33*,14,64,196.87,0,0,9,9,10,0,15,240,312,11,12-Feb,28.36,7.8,21.81,0,0
2024,86,1,1,3,3*,0,5,60,0,0,0,0,1,0,1,24,19,0,0/19,0,4.75,0,0,0
2023,86,15,4,188,49,18.8,165,113.94,0,0,15,6,8,0,15,252,313,9,18-Mar,34.78,7.45,28,0,0
2022,86,14,4,183,42,20.33,145,126.21,0,0,16,4,7,0,14,228,265,10,19-Mar,26.5,6.97,22.8,0,0
2021,86,13,2,143,39,14.3,123,116.26,0,0,10,6,6,0,13,199,265,5,13-Jan,53,7.98,39.8,0,0
2020,86,16,6,109,34,18.16,92,118.47,0,0,9,5,4,0,16,301,380,6,26-Feb,63.33,7.57,50.16,0,0
2019,86,16,4,183,42,16.63,150,122,0,0,18,5,5,0,16,276,335,12,Mar-34,27.91,7.28,23,0,0
2018,86,14,3,228,41*,22.8,157,145.22,0,0,22,10,9,0,14,241,284,12,28-Mar,23.66,7.07,20.08,0,0
2017,86,13,4,243,47,34.71,179,135.75,0,0,24,7,2,0,13,240,273,10,14-Mar,27.3,6.82,24,0,0
2016,86,12,3,237,86,39.5,124,191.12,0,1,22,13,2,0,12,187,236,6,15-Feb,39.33,7.57,31.16,0,0
2023,92,13,0,379,73,29.15,263,144.11,0,4,38,22,2,0,13,42,59,0,0/4,0,8.43,0,0,0
2024,104,1,0,3,3,3,4,75,0,0,0,0,0,0,1,0,0,0,0,0,0,0,0,0
2023,104,15,2,408,89*,31.38,272,150,0,3,28,27,4,0,15,65,100,5,20-Feb,20,9.23,13,0,0
2022,104,11,2,156,38*,19.5,106,147.17,0,0,7,13,4,0,11,42,79,4,23-Mar,19.75,11.29,10.5,0,0
2021,104,10,3,89,27*,22.25,72,123.61,0,0,11,1,2,0,10,67,117,2,7-Jan,58.5,10.47,33.5,0,0
2020,104,17,3,352,65,25.14,237,148.52,0,3,31,16,3,0,17,178,283,13,26-Mar,21.76,9.53,13.69,0,0
2019,104,10,6,211,46*,52.75,156,135.25,0,0,14,10,2,0,10,100,145,2,13-Jan,72.5,8.7,50,0,0
2018,104,7,3,99,29*,24.75,76,130.26,0,0,6,4,2,0,7,66,120,3,15-Jan,40,10.9,22,0,0
2017,104,5,0,17,9,5.66,24,70.83,0,0,1,0,3,0,5,63,110,2,28-Jan,55,10.47,31.5,0,0
2016,104,7,1,146,52,36.5,108,135.18,0,1,13,4,0,0,7,138,194,8,15-Apr,24.25,8.43,17.25,1,0
2023,118,6,1,18,15*,9,15,120,0,0,0,1,2,0,6,85,190,5,Mar-39,38,13.41,17,0,0
2023,146,5,2,93,64*,31,72,129.17,0,1,12,2,5,0,5,0,0,0,0,0,0,0,0,0
2022,146,1,1,4,4*,0,1,400,0,0,1,0,1,0,1,0,0,0,0,0,0,0,0,0
2023,245,3,0,1,1,0.5,2,50,0,0,0,0,0,0,3,48,70,3,19-Feb,23.33,8.75,16,0,0
No stats,24,No stats,No stats,No stats,No stats,No stats,No stats,No stats,No stats,No stats,No stats,No stats,No stats,No stats,No stats,No stats,No stats,No stats,No stats,No stats,No stats,No stats,No stats,No stats
2023,43,4,3,35,20*,0,32,109.38,0,0,4,0,1,0,4,90,105,3,16-Feb,35,7,30,0,0
2022,43,4,0,18,18,9,30,60,0,0,3,0,1,0,4,66,72,1,29-Jan,72,6.55,66,0,0
2018,43,3,0,0,0,0,0,0,0,0,0,0,2,0,3,60,95,2,24-Jan,47.5,9.5,30,0,0
2022,197,6,1,3,2,1.5,7,42.86,0,0,0,0,4,0,6,132,227,5,Jan-33,45.4,10.32,26.4,0,0
2021,197,9,0,25,20,12.5,20,125,0,0,2,2,5,0,9,193,233,11,21-Apr,21.18,7.24,17.54,1,0
2020,197,8,1,10,9,5,14,71.42,0,0,1,0,4,0,8,156,212,9,15-Feb,23.55,8.15,17.33,0,0
2018,197,9,1,13,7,4.33,15,86.66,0,0,1,0,3,0,9,168,270,5,14-Jan,54,9.64,33.6,0,0
No stats,188,No stats,No stats,No stats,No stats,No stats,No stats,No stats,No stats,No stats,No stats,No stats,No stats,No stats,No stats,No stats,No stats,No stats,No stats,No stats,No stats,No stats,No stats,No stats
No stats,110,No stats,No stats,No stats,No stats,No stats,No stats,No stats,No stats,No stats,No stats,No stats,No stats,No stats,No stats,No stats,No stats,No stats,No stats,No stats,No stats,No stats,No stats,No stats
2024,120,1,0,0,0,0,0,0,0,0,0,0,0,0,1,24,45,1,Jan-45,45,11.25,24,0,0
2023,120,5,0,0,0,0,7,0,0,0,0,0,0,0,5,60,107,3,24-Jan,35.67,10.7,20,0,0
2022,120,9,2,23,13*,23,16,143.75,0,0,2,1,1,0,9,198,197,14,16-Apr,14.07,5.97,14.14,1,0
2024,161,1,0,0,0,0,0,0,0,0,0,0,0,0,1,24,38,1,Jan-38,38,9.5,24,0,0
2023,161,15,4,20,5,6.67,27,74.07,0,0,1,0,9,0,15,303,391,16,28-Mar,24.44,7.74,18.94,0,0
2022,161,14,1,0,0*,0,1,0,0,0,0,0,3,0,14,324,456,13,22-Feb,35.08,8.44,24.92,0,0
2021,161,9,0,1,1,1,4,25,0,0,0,0,2,0,9,210,222,12,24-Mar,18.5,6.34,17.5,0,0
2020,161,14,2,7,6*,7,12,58.33,0,0,1,0,2,0,14,306,376,12,29-Mar,31.33,7.37,25.5,0,0
2024,243,1,0,0,0,0,0,0,0,0,0,0,0,0,1,18,43,0,0/43,0,14.33,0,0,0
2023,243,9,0,0,0,0,0,0,0,0,0,0,1,0,9,191,289,13,Apr-37,22.23,9.08,14.69,1,0
2023,14,7,0,19,19,19,30,63.33,0,0,2,0,2,0,7,114,149,7,21-Feb,21.29,7.84,16.29,0,0
2019,14,11,2,21,8,10.5,24,87.5,0,0,2,0,1,0,11,240,270,11,17-Mar,24.54,6.75,21.81,0,0
2018,14,10,1,1,1*,0,2,50,0,0,0,0,0,0,10,222,264,12,19-Mar,22,7.13,18.5,0,0
2017,14,14,5,49,13*,49,52,94.23,0,0,2,2,3,0,14,233,343,10,11-Mar,34.3,8.83,23.3,0,0
2016,14,14,0,4,3,2,14,28.57,0,0,0,0,3,0,14,276,344,13,11-Apr,26.46,7.47,21.23,1,0
2015,14,12,2,8,4,4,12,66.66,0,0,0,0,2,0,12,241,310,9,Feb-32,34.44,7.71,26.77,0,0
2014,14,10,1,4,4*,4,7,57.14,0,0,0,0,0,0,10,225,340,7,23-Feb,48.57,9.06,32.14,0,0
2013,14,17,2,89,30,14.83,96,92.7,0,0,9,0,2,0,17,372,394,21,19-Apr,18.76,6.35,17.71,1,0
2012,14,14,2,16,8*,5.33,20,80,0,0,1,0,1,0,14,282,377,13,Mar-32,29,8.02,21.69,0,0
2011,14,14,5,68,25*,17,49,138.77,0,0,9,1,2,0,14,320,358,19,9-Apr,18.84,6.71,16.84,1,0
2010,14,14,3,39,12,9.75,51,76.47,0,0,1,0,4,0,14,318,363,17,25-Mar,21.35,6.84,18.7,0,0
2009,14,11,2,26,13*,8.66,20,130,0,0,2,2,2,0,11,253,294,14,14-Mar,21,6.97,18.07,0,0
2008,14,6,0,37,31,12.33,42,88.09,0,0,3,0,2,0,6,119,142,11,17-May,12.9,7.15,10.81,0,1
2021,14,0,0,0,0,0,0,0,0,0,0,0,0,0,4,84,109,6,24-Apr,18.16,7.78,14,1,0
2020,14,0,0,0,0,0,0,0,0,0,0,0,0,0,3,60,72,3,Feb-35,24,7.2,20,0,0
2024,131,1,0,0,0,0,0,0,0,0,0,0,0,0,1,24,41,2,Feb-41,20.5,10.25,12,0,0
2023,131,8,2,16,13,16,21,76.19,0,0,2,0,2,0,8,168,219,11,Apr-38,19.91,7.82,15.27,1,0
No stats,97,No stats,No stats,No stats,No stats,No stats,No stats,No stats,No stats,No stats,No stats,No stats,No stats,No stats,No stats,No stats,No stats,No stats,No stats,No stats,No stats,No stats,No stats,No stats
2024,172,1,0,43,43,43,29,148.28,0,0,7,1,1,0,1,0,0,0,0,0,0,0,0,0
2023,172,16,0,332,65,20.75,250,132.8,0,2,35,17,1,0,16,0,0,0,0,0,0,0,0,0
2022,172,14,0,268,48,19.14,223,120.18,0,0,28,13,7,0,14,0,0,0,0,0,0,0,0,0
2021,172,13,0,381,63,29.3,299,127.42,0,1,33,14,1,0,13,7,13,0,0/4,0,11.14,0,0,0
2020,172,12,0,332,80,27.66,260,127.69,0,3,27,19,6,0,12,0,0,0,0,0,0,0,0,0
2019,172,15,1,405,67,28.92,315,128.57,0,2,52,10,4,0,15,0,0,0,0,0,0,0,0,0
2018,172,14,2,286,94,23.83,215,133.02,0,2,25,12,8,0,14,0,0,0,0,0,0,0,0,0
2017,172,17,2,333,67,23.78,273,121.97,0,3,31,9,10,0,17,0,0,0,0,0,0,0,0,0
2016,172,14,3,489,85*,44.45,368,132.88,0,5,49,16,2,0,14,0,0,0,0,0,0,0,0,0
2015,172,16,2,482,98*,34.42,333,144.74,0,3,41,21,5,0,16,0,0,0,0,0,0,0,0,0
2014,172,15,2,390,59*,30,302,129.13,0,3,31,16,5,0,15,18,26,1,20-Jan,26,8.66,18,0,0
2013,172,19,5,538,79*,38.42,409,131.54,0,4,35,28,7,0,19,8,6,0,0/1,0,4.5,0,0,0
2012,172,17,2,433,109*,30.92,342,126.6,1,3,39,18,13,0,17,6,16,0,0/16,0,16,0,0,0
2011,172,16,3,372,87,33.81,297,125.25,0,3,32,13,7,0,16,48,53,0,0/14,0,13.25,0,0,0
2010,172,16,2,404,73,28.85,302,133.77,0,3,36,14,9,0,16,114,153,2,19-Jan,76.5,8.05,57,0,0
2009,172,16,3,362,52,27.84,315,114.92,0,1,22,18,5,0,16,138,161,11,6-Apr,14.63,7,12.54,1,0
2008,172,13,1,404,76*,36.72,273,147.98,0,4,38,19,8,0,13,24,25,1,25-Jan,25,6.25,24,0,0
2024,48,1,0,46,46,46,38,121.05,0,0,2,3,0,0,1,0,0,0,0,0,0,0,0,0
2022,48,7,0,161,49,23,113,142.48,0,0,14,11,3,0,7,3,8,1,8-Jan,8,16,3,0,0
2023,208,16,2,605,103*,43.21,334,181.14,1,5,65,28,6,0,16,0,0,0,0,0,0,0,0,0
2022,208,8,1,303,68*,43.29,208,145.67,0,3,23,16,3,0,8,0,0,0,0,0,0,0,0,0
2021,208,14,0,317,82,22.64,221,143.43,0,2,40,10,5,0,14,0,0,0,0,0,0,0,0,0
2020,208,16,3,480,79*,40,331,145.01,0,4,61,11,8,0,16,0,0,0,0,0,0,0,0,0
2019,208,16,2,424,71*,32.61,324,130.86,0,2,45,10,9,0,16,0,0,0,0,0,0,0,0,0
2018,208,14,0,512,72,36.57,384,133.33,0,4,61,16,8,0,14,0,0,0,0,0,0,0,0,0
2017,208,10,1,105,31,17.5,88,119.31,0,0,8,3,5,0,10,0,0,0,0,0,0,0,0,0
2016,208,15,4,182,60,26,143,127.27,0,1,18,5,6,0,15,0,0,0,0,0,0,0,0,0
2015,208,13,4,157,46*,17.44,113,138.93,0,0,12,8,7,0,13,0,0,0,0,0,0,0,0,0
2014,208,16,5,164,34,32.8,117,140.17,0,0,16,5,7,0,16,6,8,0,0/8,0,8,0,0,0
2012,208,1,0,0,0,0,4,0,0,0,0,0,0,0,0,0,0,0,0,0,0,0,0,0
2024,67,1,0,0,0,0,4,0,0,0,0,0,0,0,1,0,0,0,0,0,0,0,0,0
2023,67,16,0,454,75,30.27,318,142.77,0,3,54,18,10,3,16,0,0,0,0,0,0,0,0,0
2022,67,14,1,418,81*,32.15,348,120.11,0,3,45,11,13,0,14,0,0,0,0,0,0,0,0,0
2021,67,10,1,241,84,26.77,180,133.88,0,2,21,10,3,0,10,0,0,0,0,0,0,0,0,0
2020,67,14,4,516,99,57.33,354,145.76,0,4,36,30,1,0,14,0,0,0,0,0,0,0,0,0
2019,67,7,0,101,28,16.83,100,101,0,0,8,4,2,0,7,0,0,0,0,0,0,0,0,0
2018,67,14,0,275,62,22.91,184,149.45,0,2,22,17,9,2,14,0,0,0,0,0,0,0,0,0
2017,67,11,0,277,61,27.7,206,134.46,0,1,29,13,3,0,11,0,0,0,0,0,0,0,0,0
2016,67,5,0,42,27,8.4,41,102.43,0,0,5,0,1,0,5,0,0,0,0,0,0,0,0,0
2024,126,1,0,25,25,25,19,131.58,0,0,1,1,2,0,1,0,0,0,0,0,0,0,0,0
2023,126,11,3,343,84*,42.88,209,164.11,0,1,26,23,4,0,11,6,7,0,0/7,0,7,0,0,0
2022,126,14,3,397,61,36.09,303,131.02,0,2,29,16,10,0,14,12,13,0,0/6,0,6.5,0,0,0
2024,217,1,0,11,11,11,10,110,0,0,1,0,0,0,1,0,0,0,0,0,0,0,0,0
2023,217,16,6,231,45*,25.67,146,158.22,0,0,12,15,10,0,16,0,0,0,0,0,0,0,0,0
2022,217,8,3,186,46,37.2,86,216.28,0,0,12,16,6,0,8,0,0,0,0,0,0,0,0,0
2021,217,1,0,1,1,1,3,33.33,0,0,0,0,0,0,0,0,0,0,0,0,0,0,0,0
2023,234,3,0,37,30,12.33,31,119.35,0,0,2,2,1,0,3,0,0,0,0,0,0,0,0,0
2017,234,3,0,19,9,6.33,26,73.07,0,0,1,1,0,2,3,0,0,0,0,0,0,0,0,0
2024,59,1,0,11,11,11,4,275,0,0,1,1,1,0,1,18,30,0,0/30,0,10,0,0,0
2023,59,16,4,346,66,31.45,253,136.76,0,2,26,15,8,0,16,150,228,3,10-Jan,76,9.12,50,0,0
2022,59,15,4,487,87*,44.27,371,131.27,0,4,49,12,4,0,15,183,222,8,17-Mar,27.75,7.28,22.88,0,0
2021,59,12,2,127,40*,14.11,112,113.39,0,0,11,5,4,0,12,0,0,0,0,0,0,0,0,0
2020,59,14,5,281,60*,35.12,157,178.98,0,1,14,25,6,0,14,0,0,0,0,0,0,0,0,0
2019,59,16,6,402,91,44.66,210,191.42,0,1,28,29,11,0,16,255,390,14,20-Mar,27.85,9.17,18.21,0,0
2018,59,13,4,260,50,28.88,195,133.33,0,1,20,11,8,0,13,256,381,18,24-Mar,21.16,8.92,14.22,0,0
2017,59,17,9,250,35*,35.71,160,156.25,0,0,11,20,12,0,17,156,213,6,22-Feb,35.5,8.19,26,0,0
2016,59,11,2,44,9,6.28,63,69.84,0,0,4,0,6,0,11,100,153,3,7-Jan,51,9.18,33.33,0,0
2015,59,9,3,112,61*,22.4,62,180.64,0,1,9,8,6,0,9,102,176,1,13-Jan,176,10.35,102,0,0
2023,22,4,0,13,13,13,9,144.44,0,0,0,1,0,0,4,59,92,3,9-Jan,30.67,9.36,19.67,0,0
2021,115,3,0,34,17,11.33,20,170,0,0,3,2,5,0,3,48,86,2,Feb-32,43,10.75,24,0,0
2020,115,1,1,11,11*,0,8,137.5,0,0,2,0,0,0,1,24,23,0,0/23,0,5.75,0,0,0
2019,115,8,1,115,31,19.16,76,151.31,0,0,8,7,6,0,8,175,194,8,11-Apr,24.25,6.65,21.87,1,0
2018,115,2,0,18,14,9,12,150,0,0,3,0,0,0,2,30,47,1,23-Jan,47,9.4,30,0,0
2017,115,3,0,2,2,2,3,66.66,0,0,0,0,0,0,3,66,58,2,13-Jan,29,5.27,33,0,0
2023,173,1,0,0,0,0,1,0,0,0,0,0,0,0,1,0,0,0,0,0,0,0,0,0
2022,173,3,1,58,26*,29,41,141.46,0,0,2,5,0,0,3,54,98,3,Feb-42,32.67,10.89,18,0,0
2024,189,1,1,1,1*,0,1,100,0,0,0,0,0,0,1,18,24,0,0/24,0,8,0,0,0
2023,132,14,1,241,64,26.78,166,145.18,0,2,23,12,4,0,14,0,0,0,0,0,0,0,0,0
2024,56,1,0,1,1,1,3,33.33,0,0,0,0,0,0,1,24,27,2,27-Feb,13.5,6.75,12,0,0
No stats,19,No stats,No stats,No stats,No stats,No stats,No stats,No stats,No stats,No stats,No stats,No stats,No stats,No stats,No stats,No stats,No stats,No stats,No stats,No stats,No stats,No stats,No stats,No stats
2024,127,1,0,20,20,20,10,200,0,0,3,1,1,0,1,6,13,0,0/13,0,13,0,0,0
No stats,195,No stats,No stats,No stats,No stats,No stats,No stats,No stats,No stats,No stats,No stats,No stats,No stats,No stats,No stats,No stats,No stats,No stats,No stats,No stats,No stats,No stats,No stats,No stats
2024,70,1,1,1,1*,0,1,100,0,0,0,0,0,0,1,24,14,3,14-Mar,4.67,3.5,8,0,0
2022,70,14,4,0,0*,0,8,0,0,0,0,0,2,0,14,320,383,15,10-May,25.53,7.18,21.33,0,1
2021,70,14,5,16,5*,8,17,94.11,0,0,2,0,4,0,14,330,410,21,Mar-36,19.52,7.45,15.71,0,0
2020,70,15,1,5,5*,0,3,166.66,0,0,0,0,0,0,15,360,404,27,14-Apr,14.96,6.73,13.33,2,0
2019,70,16,3,0,0*,0,1,0,0,0,0,0,2,0,16,370,409,19,20-Mar,21.52,6.63,19.47,0,0
2018,70,14,2,10,6*,10,11,90.9,0,0,1,0,4,0,14,324,372,17,15-Mar,21.88,6.88,19.05,0,0
2017,70,16,1,17,16*,17,12,133.33,0,0,0,1,2,0,16,356,439,20,7-Mar,21.95,7.39,17.8,0,0
2016,70,14,1,8,6,8,11,72.72,0,0,1,0,1,0,14,312,406,15,13-Mar,27.06,7.8,20.8,0,0
2015,70,4,1,0,0,0,0,0,0,0,0,0,0,0,4,90,184,3,Jan-38,61.33,12.26,30,0,0
2014,70,11,2,1,1*,0,3,33.33,0,0,0,0,0,0,11,238,301,5,22-Feb,60.2,7.58,47.6,0,0
2013,70,2,0,0,0,0,0,0,0,0,0,0,0,0,2,42,70,3,Mar-32,23.33,10,14,0,0
2023,89,8,0,6,6,6,7,85.71,0,0,1,0,1,0,8,156,227,5,Feb-37,45.4,8.73,31.2,0,0
2022,89,4,0,3,3,3,5,60,0,0,0,0,0,0,4,78,102,5,22-Feb,20.4,7.85,15.6,0,0
2024,141,1,0,0,0,0,1,0,0,0,0,0,0,0,1,18,31,1,31-Jan,31,10.33,18,0,0
2023,141,16,2,25,18,12.5,22,113.64,0,0,1,1,1,0,16,366,495,22,22-Mar,22.5,8.11,16.64,0,0
2021,141,1,0,0,0*,0,2,0,0,0,0,0,0,0,1,24,38,1,Jan-38,38,9.5,24,0,0
2019,141,13,2,42,14*,14,37,113.51,0,0,4,2,5,0,13,267,399,10,20-Mar,39.9,8.96,26.7,0,0
2018,141,15,3,27,12,6.75,34,79.41,0,0,1,1,4,0,15,294,412,14,Mar-48,29.42,8.4,21,0,0
2017,141,6,0,2,2,2,6,33.33,0,0,0,0,1,0,6,120,179,6,Feb-34,29.83,8.95,20,0,0
2016,141,12,0,27,11,9,26,103.84,0,0,4,0,3,0,12,212,273,11,21-Feb,24.81,7.72,19.27,0,0
2015,141,13,4,54,22,13.5,47,114.89,0,0,5,2,2,0,13,210,269,11,Apr-32,24.45,7.68,19.09,1,0
2014,141,11,2,31,17*,10.33,19,163.15,0,0,4,1,3,0,11,237,303,14,19-Mar,21.64,7.67,16.92,0,0
2013,141,16,5,64,23,10.66,57,112.28,0,0,5,3,1,0,16,350,418,11,20-Feb,38,7.16,31.81,0,0
2012,141,16,4,106,21*,13.25,88,120.45,0,0,9,4,3,0,16,342,419,16,18-Mar,26.18,7.35,21.37,0,0
2011,141,12,3,48,15,16,55,87.27,0,0,2,2,3,0,12,248,336,16,17-Apr,21,8.12,15.5,1,0
2010,141,14,1,62,22,12.4,60,103.33,0,0,7,0,3,0,14,294,367,12,24-Mar,30.58,7.48,24.5,0,0
2009,141,14,5,31,8*,6.2,36,86.11,0,0,3,0,6,0,14,269,308,12,22-Feb,25.66,6.86,22.41,0,0
2008,141,15,3,90,24*,22.5,59,152.54,0,0,10,3,6,0,15,281,389,17,25-Mar,22.88,8.3,16.52,0,0
2020,141,0,0,0,0,0,0,0,0,0,0,0,0,0,7,126,191,6,Feb-33,31.83,9.09,21,0,0
2023,11,8,0,0,0,0,0,0,0,0,0,0,0,0,8,153,219,14,5-May,15.64,8.59,10.93,1,1
2024,96,1,0,0,0,0,0,0,0,0,0,0,0,0,1,12,25,0,0/25,0,12.5,0,0,0
No stats,50,No stats,No stats,No stats,No stats,No stats,No stats,No stats,No stats,No stats,No stats,No stats,No stats,No stats,No stats,No stats,No stats,No stats,No stats,No stats,No stats,No stats,No stats,No stats
2022,199,1,1,9,9*,0,7,128.57,0,0,2,0,0,0,1,18,34,1,Jan-34,34,11.33,18,0,0
2021,199,3,1,7,7*,7,5,140,0,0,0,1,0,0,3,42,84,0,0/9,0,12,0,0,0
2020,199,14,1,37,23*,9.25,39,94.87,0,0,3,0,2,0,14,300,427,10,28-Feb,42.7,8.54,30,0,0
2019,199,14,3,63,19*,15.75,46,136.95,0,0,8,1,5,0,14,288,347,20,12-Mar,17.35,7.22,14.4,0,0
2018,199,11,1,50,24,16.66,45,111.11,0,0,5,0,3,0,11,186,236,11,16-Apr,21.45,7.61,16.9,1,0
2016,199,1,0,2,2,2,16,12.5,0,0,0,0,0,0,1,18,18,0,0/18,0,6,0,0,0
2015,199,1,1,1,1*,0,1,100,0,0,0,0,0,0,1,13,23,1,23-Jan,23,10.61,13,0,0
2014,199,4,0,11,11,11,10,110,0,0,1,0,1,0,4,84,113,6,25-Feb,18.83,8.07,14,0,0
No stats,138,No stats,No stats,No stats,No stats,No stats,No stats,No stats,No stats,No stats,No stats,No stats,No stats,No stats,No stats,No stats,No stats,No stats,No stats,No stats,No stats,No stats,No stats,No stats
2024,193,2,0,67,45,33.5,53,126.42,0,0,9,1,0,0,2,0,0,0,0,0,0,0,0,0
2023,193,11,2,373,99*,41.44,261,142.91,0,3,49,12,4,0,11,0,0,0,0,0,0,0,0,0
2022,193,14,2,460,88*,38.33,375,122.67,0,3,47,12,10,0,14,0,0,0,0,0,0,0,0,0
2021,193,16,1,587,92,39.13,471,124.62,0,3,63,16,9,0,16,0,0,0,0,0,0,0,0,0
2020,193,17,3,618,106*,44.14,427,144.73,2,4,67,12,5,0,17,0,0,0,0,0,0,0,0,0
2019,193,16,1,521,97*,34.73,384,135.67,0,5,64,11,5,0,16,0,0,0,0,0,0,0,0,0
2018,193,16,3,497,92*,38.23,363,136.91,0,4,59,14,12,0,16,0,0,0,0,0,0,0,0,0
2017,193,14,1,479,77,36.84,376,127.39,0,3,53,9,7,0,14,0,0,0,0,0,0,0,0,0
2016,193,17,4,501,82*,38.53,429,116.78,0,4,51,8,5,0,17,0,0,0,0,0,0,0,0,0
2015,193,14,1,353,54,27.15,286,123.42,0,3,45,6,6,0,14,0,0,0,0,0,0,0,0,0
2014,193,14,1,377,64*,29,319,118.18,0,2,49,7,5,0,14,0,0,0,0,0,0,0,0,0
2013,193,10,2,311,73*,38.87,253,122.92,0,3,37,5,6,0,10,0,27,0,0,0,0,0,0,0
2012,193,15,1,569,84,40.64,439,129.61,0,5,58,18,5,0,15,36,55,3,8-Jan,18.33,9.16,12,0,0
2011,193,14,2,400,95*,33.33,310,129.03,0,2,47,7,6,0,14,12,11,1,7-Jan,11,5.5,12,0,0
2010,193,10,0,191,56,19.1,170,112.35,0,2,23,3,4,0,10,0,0,0,0,0,0,0,0,0
2009,193,5,0,40,22,10,45,88.88,0,0,3,0,2,0,5,0,0,0,0,0,0,0,0,0
2008,193,14,5,340,68*,37.77,295,115.25,0,4,35,8,8,0,14,0,0,0,0,0,0,0,0,0
2024,74,2,0,36,27,18,29,124.14,0,0,2,2,4,0,2,0,0,0,0,0,0,0,0,0
2023,74,14,1,309,49*,23.77,198,156.06,0,0,22,21,3,2,14,0,0,0,0,0,0,0,0,0
2022,74,12,2,234,44,29.25,143,163.64,0,0,22,12,9,2,12,0,0,0,0,0,0,0,0,0
2024,75,2,0,17,9,8.5,9,188.89,0,0,4,0,1,0,2,0,0,0,0,0,0,0,0,0
2022,75,11,0,253,66,23,175,144.57,0,2,34,9,2,0,11,0,0,0,0,0,0,0,0,0
2021,75,7,1,248,63*,41.33,175,141.71,0,2,20,15,2,1,7,0,0,0,0,0,0,0,0,0
2020,75,11,0,345,97,31.36,272,126.83,0,3,31,13,7,1,11,0,0,0,0,0,0,0,0,0
2019,75,10,2,445,114,55.62,283,157.24,1,2,48,18,9,2,10,0,0,0,0,0,0,0,0,0
2024,142,2,0,51,26,25.5,34,150,0,0,7,2,0,0,2,0,0,0,0,0,0,0,0,0
2023,142,14,0,358,103,25.57,238,150.42,1,1,38,19,1,0,14,0,0,0,0,0,0,0,0,0
2022,142,1,0,14,14,14,11,127.27,0,0,2,0,0,0,1,0,0,0,0,0,0,0,0,0
2021,142,2,0,19,12,9.5,23,82.6,0,0,1,1,0,0,0,0,0,0,0,0,0,0,0,0
2020,142,2,0,15,11,7.5,15,100,0,0,2,0,1,0,2,0,0,0,0,0,0,0,0,0
2019,142,1,0,16,16,16,17,94.11,0,0,1,1,1,0,1,0,0,0,0,0,0,0,0,0
2024,94,2,1,55,38*,55,34,161.76,0,0,3,4,0,0,2,0,0,0,0,0,0,0,0,0
2023,94,9,1,279,94,34.88,171,163.16,0,2,20,19,4,0,9,42,94,2,19-Jan,47,13.43,21,0,0
2022,94,14,2,437,70,36.42,240,182.08,0,4,29,34,6,0,14,138,202,6,27-Mar,33.67,8.78,23,0,0
2021,94,5,0,42,25,8.4,41,102.43,0,0,3,1,3,0,5,0,0,0,0,0,0,0,0,0
2019,94,4,1,70,44,23.33,48,145.83,0,0,6,5,4,0,4,6,13,0,0/13,0,13,0,0,0
2023,60,3,0,76,41,25.33,59,128.81,0,0,8,3,1,0,3,0,0,0,0,0,0,0,0,0
2012,60,1,0,6,6,6,6,100,0,0,0,0,0,0,1,0,0,0,0,0,0,0,0,0
2011,60,2,1,14,13,14,20,70,0,0,0,0,2,0,2,0,0,0,0,0,0,0,0,0
2010,60,1,0,0,0,0,0,0,0,0,0,0,0,0,1,0,0,0,0,0,0,0,0,0
2023,166,9,2,209,82*,29.86,141,148.23,0,1,17,11,3,0,9,0,0,0,0,0,0,0,0,0
2015,166,2,0,14,14,7,10,140,0,0,1,1,2,0,2,0,0,0,0,0,0,0,0,0
2014,166,3,0,39,24,13,41,95.12,0,0,2,2,0,0,3,0,0,0,0,0,0,0,0,0
2024,191,2,1,21,21*,21,9,233.33,0,0,1,2,1,0,2,0,0,0,0,0,0,0,0,0
2022,191,10,1,69,25*,17.25,47,146.81,0,0,5,4,3,0,10,12,20,0,0/10,0,10,0,0,0
2021,38,3,1,15,15*,0,11,136.36,0,0,2,0,0,0,3,66,82,5,18-Feb,16.4,7.45,13.2,0,0
2018,38,5,2,17,11,8.5,19,89.47,0,0,1,1,1,0,5,110,190,8,Mar-36,23.75,10.36,13.75,0,0
2017,38,13,3,46,18,11.5,47,97.87,0,0,4,1,6,0,13,264,386,17,6-Mar,22.7,8.77,15.52,0,0
No stats,235,No stats,No stats,No stats,No stats,No stats,No stats,No stats,No stats,No stats,No stats,No stats,No stats,No stats,No stats,No stats,No stats,No stats,No stats,No stats,No stats,No stats,No stats,No stats
No stats,26,No stats,No stats,No stats,No stats,No stats,No stats,No stats,No stats,No stats,No stats,No stats,No stats,No stats,No stats,No stats,No stats,No stats,No stats,No stats,No stats,No stats,No stats,No stats
No stats,215,No stats,No stats,No stats,No stats,No stats,No stats,No stats,No stats,No stats,No stats,No stats,No stats,No stats,No stats,No stats,No stats,No stats,No stats,No stats,No stats,No stats,No stats,No stats
2023,27,7,0,186,66,26.57,129,144.19,0,2,20,6,5,0,7,0,0,0,0,0,0,0,0,0
2023,169,6,1,20,19,10,12,166.67,0,0,1,1,3,0,6,42,60,1,20-Jan,60,8.57,42,0,0
2022,169,6,2,37,21*,18.5,40,92.5,0,0,4,2,2,0,6,114,156,6,Feb-36,26,8.21,19,0,0
2016,169,2,2,14,11*,0,6,233.33,0,0,0,1,0,0,2,42,56,2,21-Jan,28,8,21,0,0
2015,169,5,3,36,25*,18,33,109.09,0,0,2,2,0,0,5,72,110,1,12-Jan,110,9.16,72,0,0
2014,169,13,4,82,23*,41,75,109.33,0,0,8,1,3,0,13,284,365,13,14-Feb,28.07,7.71,21.84,0,0
2013,169,6,1,21,14,7,21,100,0,0,3,0,3,0,6,90,109,2,6-Jan,54.5,7.26,45,0,0
2024,178,2,0,86,63,43,64,134.38,0,1,9,1,1,0,2,24,40,1,30-Jan,40,10,24,0,0
2023,178,14,3,276,55,27.6,203,135.96,0,1,20,13,5,0,14,287,489,10,31-Mar,48.9,10.22,28.7,0,0
2021,178,9,1,56,34,18.66,29,193.1,0,0,5,3,1,0,9,198,328,9,Mar-34,36.44,9.93,22,0,0
2020,178,14,3,186,52,23.25,141,131.91,0,1,12,12,7,0,14,252,344,13,19-Mar,26.46,8.19,19.38,0,0
2019,178,9,4,95,55*,23.75,55,172.72,0,1,13,3,2,0,9,198,323,10,11-Apr,32.3,9.78,19.8,1,0
2023,203,7,2,139,57,27.8,98,141.84,0,1,10,6,5,0,7,72,119,3,19-Jan,39.67,9.92,24,0,0
No stats,198,No stats,No stats,No stats,No stats,No stats,No stats,No stats,No stats,No stats,No stats,No stats,No stats,No stats,No stats,No stats,No stats,No stats,No stats,No stats,No stats,No stats,No stats,No stats
No stats,147,No stats,No stats,No stats,No stats,No stats,No stats,No stats,No stats,No stats,No stats,No stats,No stats,No stats,No stats,No stats,No stats,No stats,No stats,No stats,No stats,No stats,No stats,No stats
2024,61,2,2,4,2*,0,4,100,0,0,0,0,2,0,2,42,27,3,13-Feb,9,3.86,14,0,0
2023,61,13,2,52,17*,8.67,41,126.83,0,0,5,2,2,0,13,163,218,9,30-Apr,24.22,8.02,18.11,1,0
2022,61,5,0,22,14,7.33,25,88,0,0,1,2,3,0,5,96,146,4,26-Mar,36.5,9.13,24,0,0
2021,61,7,5,64,25*,0,58,110.34,0,0,3,2,2,0,7,138,139,5,19-Mar,27.8,6.04,27.6,0,0
2020,61,1,0,0,0,0,0,0,0,0,0,0,0,0,1,24,41,0,0/41,0,10.25,0,0,0
2019,61,2,1,20,20*,0,12,166.66,0,0,2,1,0,0,2,30,48,0,0/24,0,9.6,0,0,0
2024,23,2,0,0,0,0,0,0,0,0,0,0,0,0,2,44,68,2,28-Feb,34,9.27,22,0,0
2023,23,14,2,2,2*,0,2,100,0,0,0,0,1,0,14,305,493,17,29-Apr,29,9.7,17.94,1,0
2022,23,14,3,21,10*,7,29,72.41,0,0,3,0,4,0,14,300,385,10,Mar-37,38.5,7.7,30,0,0
2021,23,12,2,2,1*,0,3,66.66,0,0,0,0,4,0,12,248,342,18,May-32,19,8.27,13.77,0,1
2020,23,8,0,0,0*,0,3,0,0,0,0,0,2,0,8,149,218,9,23-Mar,24.22,8.77,16.55,0,0
2019,23,3,0,0,0,0,0,0,0,0,0,0,0,0,3,60,109,3,Feb-43,36.33,10.9,20,0,0
2024,79,2,0,0,0,0,0,0,0,0,0,0,0,0,2,48,59,3,23-Feb,19.67,7.38,16,0,0
2023,79,6,1,0,0,0,2,0,0,0,0,0,0,0,6,138,232,7,Feb-34,33.14,10.09,19.71,0,0
2022,79,13,3,48,25,9.6,43,111.63,0,0,5,2,2,0,13,288,406,23,Apr-33,17.65,8.46,12.52,2,0
2021,79,15,2,13,9*,13,6,216.66,0,0,2,0,9,0,15,336,456,15,Mar-36,30.4,8.14,22.4,0,0
2020,79,17,4,56,15*,14,49,114.28,0,0,4,2,8,0,17,394,548,30,24-Apr,18.26,8.34,13.13,2,0
2019,79,12,1,14,9,4.66,15,93.33,0,0,0,1,6,0,12,282,368,25,21-Apr,14.72,7.82,11.28,2,0
2017,79,6,0,55,44,18.33,64,85.93,0,0,5,1,0,0,6,128,188,6,20-Feb,31.33,8.81,21.33,0,0
2023,129,10,0,1,1,0.5,7,14.29,0,0,0,0,2,0,10,228,339,13,30-Apr,26.08,8.92,17.54,1,0
2022,129,2,0,0,0,0,2,0,0,0,0,0,1,0,2,36,55,3,Mar-40,18.33,9.17,12,0,0
2021,129,3,1,18,12,18,16,112.5,0,0,0,1,0,0,3,72,98,1,12-Jan,98,8.16,72,0,0
2024,152,2,0,0,0,0,0,0,0,0,0,0,1,0,2,30,49,1,Jan-33,49,9.8,30,0,0
2023,152,14,1,0,0,0,9,0,0,0,0,0,4,0,14,298,385,8,16-Feb,48.13,7.75,37.25,0,0
2022,152,13,2,77,25*,12.83,68,113.24,0,0,7,4,5,0,13,280,360,14,25-Mar,25.71,7.71,20,0,0
2021,152,11,0,14,8,2.8,15,93.33,0,0,1,0,3,0,11,258,318,13,27-Apr,24.46,7.39,19.84,1,0
2020,152,15,1,2,2*,0,4,50,0,0,0,0,4,0,15,318,433,15,18-Feb,28.86,8.16,21.2,0,0
2019,152,13,2,12,10,6,11,109.09,0,0,2,0,3,0,13,282,308,13,19-Mar,23.69,6.55,21.69,0,0
2017,152,3,1,3,3*,0,2,150,0,0,0,0,1,0,3,42,58,2,26-Jan,29,8.28,21,0,0
No stats,231,No stats,No stats,No stats,No stats,No stats,No stats,No stats,No stats,No stats,No stats,No stats,No stats,No stats,No stats,No stats,No stats,No stats,No stats,No stats,No stats,No stats,No stats,No stats
2024,63,2,0,0,0,0,0,0,0,0,0,0,0,0,2,48,92,3,Feb-47,30.67,11.5,16,0,0
2023,63,13,0,6,6,3,6,100,0,0,0,1,2,0,13,282,454,14,Mar-32,32.43,9.66,20.14,0,0
2022,63,15,3,43,11,8.6,39,110.26,0,0,4,2,3,0,15,321,410,19,Apr-34,21.58,7.66,16.89,1,0
2021,63,15,4,59,31,14.75,46,128.26,0,0,6,2,3,0,15,338,459,32,27-May,14.34,8.14,10.56,1,1
2020,63,5,0,21,16,10.5,24,87.5,0,0,2,0,1,0,5,90,134,3,Feb-34,44.66,8.93,30,0,0
2019,63,2,1,0,0*,0,2,0,0,0,0,0,0,0,2,48,77,2,Feb-40,38.5,9.62,24,0,0
2018,63,5,1,60,36*,60,33,181.81,0,0,1,6,0,0,5,105,167,7,28-Mar,23.85,9.54,15,0,0
2017,63,1,0,0,0,0,0,0,0,0,0,0,0,0,1,24,43,3,Mar-43,14.33,10.75,8,0,0
2016,63,5,1,0,0,0,0,0,0,0,0,0,2,0,5,84,147,1,Jan-46,147,10.5,84,0,0
2015,63,15,2,19,9*,3.8,12,158.33,0,0,0,2,1,0,15,263,328,17,12-Feb,19.29,7.48,15.47,0,0
2014,63,3,1,13,6,6.5,7,185.71,0,0,1,1,0,0,3,66,113,4,Feb-56,28.25,10.27,16.5,0,0
2012,63,12,1,15,10,7.5,15,100,0,0,1,0,8,0,12,246,340,9,24-Feb,37.77,8.29,27.33,0,0
2024,181,1,1,82,82*,0,52,157.69,0,1,3,6,0,0,1,0,0,0,0,0,0,0,0,0
2023,181,14,2,362,66*,30.17,236,153.39,0,3,25,24,3,3,14,0,0,0,0,0,0,0,0,0
2022,181,17,1,458,55,28.63,312,146.79,0,2,43,26,14,2,17,0,0,0,0,0,0,0,0,0
2021,181,14,2,484,119,40.33,354,136.72,1,2,45,17,7,4,14,0,0,0,0,0,0,0,0,0
2020,181,14,1,375,85,28.84,236,158.89,0,3,21,26,9,2,14,0,0,0,0,0,0,0,0,0
2019,181,12,2,342,102*,34.2,230,148.69,1,0,28,13,4,1,12,0,0,0,0,0,0,0,0,0
2018,181,15,1,441,92*,31.5,320,137.81,0,3,30,19,5,0,15,0,0,0,0,0,0,0,0,0
2017,181,14,0,386,102,27.57,273,141.39,1,2,32,19,4,0,14,0,0,0,0,0,0,0,0,0
2016,181,14,3,291,60,26.45,259,112.35,0,1,20,8,3,1,14,0,0,0,0,0,0,0,0,0
2015,181,14,1,204,76,20.4,163,125.15,0,1,16,8,9,0,14,0,0,0,0,0,0,0,0,0
2014,181,13,0,339,74,26.07,273,124.17,0,2,25,17,5,2,13,0,0,0,0,0,0,0,0,0
2013,181,11,2,206,63,25.75,178,115.73,0,1,19,5,13,0,11,0,0,0,0,0,0,0,0,0
2024,76,1,0,11,11,11,9,122.22,0,0,2,0,1,0,1,0,0,0,0,0,0,0,0,0
2023,76,14,0,392,95,28,282,139.01,0,4,42,14,9,0,14,0,0,0,0,0,0,0,0,0
2022,76,17,2,863,116,57.53,579,149.05,4,4,83,45,9,0,17,0,0,0,0,0,0,0,0,0
2021,76,7,0,254,124,36.28,166,153.01,1,0,27,13,3,0,7,0,0,0,0,0,0,0,0,0
2020,76,13,2,328,70*,32.8,227,144.49,0,2,27,16,6,0,13,0,0,0,0,0,0,0,0,0
2019,76,8,0,311,89,38.87,205,151.7,0,3,38,14,8,0,8,0,0,0,0,0,0,0,0,0
2018,76,13,3,548,95*,54.8,353,155.24,0,5,52,21,9,1,13,0,0,0,0,0,0,0,0,0
2017,76,10,0,272,77,27.2,177,153.67,0,1,27,15,1,0,10,0,0,0,0,0,0,0,0,0
2016,76,14,3,255,41,23.18,184,138.58,0,0,23,11,7,0,14,0,0,0,0,0,0,0,0,0
2024,194,1,0,5,5,5,7,71.43,0,0,0,0,0,0,1,0,0,0,0,0,0,0,0,0
2023,194,14,5,300,56*,37.5,197,152.28,0,1,12,23,11,0,14,0,0,0,0,0,0,0,0,0
2022,194,15,8,314,59*,44.86,204,153.92,0,1,21,21,3,0,15,0,0,0,0,0,0,0,0,0
2021,194,14,6,242,53*,34.57,144,168.05,0,1,19,12,4,0,14,0,0,0,0,0,0,0,0,0
2020,194,12,3,185,45,23.12,125,148,0,0,11,12,7,0,12,0,0,0,0,0,0,0,0,0
2019,194,5,0,90,75,18,73,123.28,0,1,4,7,3,0,5,0,0,0,0,0,0,0,0,0
2024,244,1,0,24,24,24,12,200,0,0,3,1,0,0,1,0,0,0,0,0,0,0,0,0
2023,244,14,1,625,124,48.08,382,163.61,1,5,82,26,8,0,14,0,0,0,0,0,0,0,0,0
2022,244,10,0,258,68,25.8,194,132.99,0,2,28,10,2,0,10,1,6,0,0/6,0,36,0,0,0
2021,244,10,0,249,50,24.9,168,148.21,0,1,32,10,3,0,10,0,0,0,0,0,0,0,0,0
2020,244,3,0,40,34,13.33,44,90.9,0,0,2,2,1,0,3,0,0,0,0,0,0,0,0,0
2024,49,1,1,20,20*,0,12,166.67,0,0,1,1,3,0,1,0,0,0,0,0,0,0,0,0
2023,49,13,4,152,34*,21.71,88,172.73,0,0,11,9,1,0,13,0,0,0,0,0,0,0,0,0
2024,170,1,0,43,43,43,29,148.28,0,0,1,3,0,0,1,0,0,0,0,0,0,0,0,0
2023,170,7,1,78,20,13,66,118.18,0,0,4,5,1,0,7,0,0,0,0,0,0,0,0,0
2022,170,17,3,183,56*,16.64,132,138.64,0,1,11,10,17,0,17,24,59,1,12-Jan,59,14.75,24,0,0
2021,170,11,2,93,25,11.62,83,112.04,0,0,6,4,6,0,11,37,73,1,7-Jan,73,11.83,37,0,0
2020,170,12,1,86,42*,12.28,77,111.68,0,0,6,3,1,0,12,12,27,0,0/13,0,13.5,0,0,0
2019,170,7,0,160,50,32,126,126.98,0,1,17,5,5,0,7,84,121,2,10-Jan,60.5,8.64,42,0,0
No stats,91,No stats,No stats,No stats,No stats,No stats,No stats,No stats,No stats,No stats,No stats,No stats,No stats,No stats,No stats,No stats,No stats,No stats,No stats,No stats,No stats,No stats,No stats,No stats
No stats,52,No stats,No stats,No stats,No stats,No stats,No stats,No stats,No stats,No stats,No stats,No stats,No stats,No stats,No stats,No stats,No stats,No stats,No stats,No stats,No stats,No stats,No stats,No stats
2023,174,3,0,7,4,2.33,9,77.78,0,0,1,0,0,0,3,12,18,1,18-Jan,18,9,12,0,0
2022,174,14,2,250,67*,25,167,149.7,0,1,10,22,10,0,14,6,17,0,0/17,0,17,0,0,0
No stats,201,No stats,No stats,No stats,No stats,No stats,No stats,No stats,No stats,No stats,No stats,No stats,No stats,No stats,No stats,No stats,No stats,No stats,No stats,No stats,No stats,No stats,No stats,No stats
No stats,219,No stats,No stats,No stats,No stats,No stats,No stats,No stats,No stats,No stats,No stats,No stats,No stats,No stats,No stats,No stats,No stats,No stats,No stats,No stats,No stats,No stats,No stats,No stats
2024,162,1,0,0,0,0,0,0,0,0,0,0,0,0,1,24,35,1,Jan-35,35,8.75,24,0,0
2023,162,13,4,67,30,11.17,51,131.37,0,0,5,3,1,0,13,294,368,14,23-Feb,26.29,7.51,21,0,0
2022,162,17,5,191,50,27.29,135,141.48,0,1,14,9,5,0,17,402,503,12,17-Mar,41.92,7.51,33.5,0,0
2021,162,13,2,44,20*,14.66,42,104.76,0,0,2,1,3,0,13,268,331,7,27-Feb,47.28,7.41,38.28,0,0
2020,162,15,3,37,14*,12.33,34,108.82,0,0,3,1,2,0,15,306,391,13,29-Mar,30.07,7.66,23.53,0,0
2019,162,14,1,42,17*,8.4,28,150,0,0,3,3,4,0,14,330,400,15,23-Mar,26.66,7.27,22,0,0
2018,162,14,1,102,45,12.75,71,143.66,0,0,7,5,5,0,14,304,410,10,18-Feb,41,8.09,30.4,0,0
2016,162,14,4,41,29,20.5,38,107.89,0,0,3,1,3,0,14,264,319,10,Apr-34,31.9,7.25,26.4,1,0
2015,162,14,3,52,23,17.33,32,162.5,0,0,6,1,3,0,14,234,228,10,5-Feb,22.8,5.84,23.4,0,0
2014,162,16,3,45,14,15,45,100,0,0,4,0,1,0,16,359,437,16,30-Mar,27.31,7.3,22.43,0,0
2013,162,18,1,35,11*,8.75,49,71.42,0,0,4,0,4,0,18,348,390,15,18-Feb,26,6.72,23.2,0,0
2012,162,19,2,18,8,6,15,120,0,0,2,0,5,0,19,395,432,14,24-Mar,30.85,6.56,28.21,0,0
2011,162,16,0,2,2,1,6,33.33,0,0,0,0,4,0,16,378,388,20,16-Mar,19.4,6.15,18.9,0,0
2010,162,12,2,30,11*,7.5,40,75,0,0,2,0,1,0,12,288,293,13,16-Mar,22.53,6.1,22.15,0,0
2009,162,2,0,8,8,8,15,53.33,0,0,1,0,2,0,2,24,13,2,13-Feb,6.5,3.25,12,0,0
No stats,216,No stats,No stats,No stats,No stats,No stats,No stats,No stats,No stats,No stats,No stats,No stats,No stats,No stats,No stats,No stats,No stats,No stats,No stats,No stats,No stats,No stats,No stats,No stats
No stats,4,No stats,No stats,No stats,No stats,No stats,No stats,No stats,No stats,No stats,No stats,No stats,No stats,No stats,No stats,No stats,No stats,No stats,No stats,No stats,No stats,No stats,No stats,No stats
2024,29,1,0,0,0,0,0,0,0,0,0,0,0,0,1,18,21,0,0/21,0,7,0,0,0
2023,29,9,1,0,0*,0,1,0,0,0,0,0,2,0,9,174,283,8,25-Mar,35.38,9.76,21.75,0,0
2022,29,13,3,22,12,22,13,169.23,0,0,0,3,2,0,13,286,416,18,24-Apr,23.11,8.73,15.89,1,0
2021,29,16,1,5,5*,0,3,166.66,0,0,1,0,1,0,16,366,450,24,13-Mar,18.75,7.37,15.25,0,0
2020,29,1,0,0,0,0,0,0,0,0,0,0,0,0,1,24,42,0,0/42,0,10.5,0,0,0
2019,29,1,1,4,4*,0,3,133.33,0,0,1,0,1,0,1,18,30,0,0/30,0,10,0,0,0
2018,29,6,0,0,0,0,0,0,0,0,0,0,3,0,6,114,204,4,Feb-29,51,10.73,28.5,0,0
2017,29,1,0,0,0,0,0,0,0,0,0,0,0,0,1,24,23,1,23-Jan,23,5.75,24,0,0
2023,87,2,0,0,0,0,0,0,0,0,0,0,0,0,2,18,28,0,0/8,0,9.33,0,0,0
2022,87,7,1,0,0*,0,3,0,0,0,0,0,3,0,7,151,237,8,20-Apr,29.63,9.42,18.88,1,0
2023,130,2,0,0,0,0,0,0,0,0,0,0,0,0,2,36,74,3,Mar-40,24.67,12.33,12,0,0
2022,130,2,0,2,2,2,2,100,0,0,0,0,2,0,2,36,72,3,Feb-36,24,12,12,0,0
2021,130,2,0,2,2,2,4,50,0,0,0,0,1,0,2,24,52,0,0/25,0,13,0,0,0
2020,130,13,2,27,12*,27,27,100,0,0,3,0,2,0,13,274,379,6,25-Feb,63.16,8.29,45.66,0,0
2019,130,13,1,2,2,2,4,50,0,0,0,0,3,0,13,288,397,11,24-Feb,36.09,8.27,26.18,0,0
2022,144,17,2,6,4*,6,12,50,0,0,0,0,2,0,17,399,551,19,22-Mar,29,8.29,21,0,0
2021,144,10,1,0,0*,0,1,0,0,0,0,0,3,0,10,231,351,12,30-Mar,29.25,9.11,19.25,0,0
2020,144,6,2,2,2*,0,4,50,0,0,0,0,1,0,6,105,164,4,29-Mar,41,9.37,26.25,0,0
2019,144,11,0,0,0*,0,2,0,0,0,0,0,2,0,11,242,377,4,22-Jan,94.25,9.34,60.5,0,0
2018,144,7,2,1,1*,0,5,20,0,0,0,0,1,0,7,168,260,10,30-Apr,26,9.28,16.8,1,0
2024,180,1,0,0,0,0,0,0,0,0,0,0,0,0,1,18,22,1,22-Jan,22,7.33,18,0,0
2023,180,12,2,2,2*,0,6,33.33,0,0,0,0,4,0,12,276,396,10,25-Feb,39.6,8.61,27.6,0,0
2022,180,5,0,0,0,0,0,0,0,0,0,0,2,0,5,120,153,2,18-Jan,76.5,7.65,60,0,0
2021,180,7,1,8,8*,8,7,114.28,0,0,1,0,1,0,7,141,203,3,20-Jan,67.66,8.63,47,0,0
2020,180,13,3,12,9,6,15,80,0,0,1,0,0,0,13,312,374,14,Mar-34,26.71,7.19,22.28,0,0
2019,180,11,2,6,5*,0,3,200,0,0,1,0,1,0,11,256,352,12,19-Mar,29.33,8.25,21.33,0,0
2018,180,12,1,0,0*,0,4,0,0,0,0,0,2,0,12,264,333,12,17-Feb,27.75,7.56,22,0,0
2017,180,13,4,7,5*,0,6,116.66,0,0,0,0,3,0,13,288,398,17,20-Apr,23.41,8.29,16.94,1,0
2016,180,14,4,8,5*,0,9,88.88,0,0,0,0,2,0,14,300,366,15,11-Feb,24.4,7.32,20,0,0
2015,180,14,2,9,7,9,14,64.28,0,0,1,0,2,0,14,300,350,13,25-Apr,26.92,7,23.07,1,0
2014,180,11,1,2,2*,0,5,40,0,0,0,0,1,0,11,241,354,18,15-Mar,19.66,8.81,13.38,0,0
2013,180,4,1,0,0,0,0,0,0,0,0,0,0,0,4,96,119,8,21-Mar,14.87,7.43,12,0,0
2024,221,1,0,0,0,0,0,0,0,0,0,0,0,0,1,24,35,2,Feb-35,17.5,8.75,12,0,0
2023,221,10,3,16,15,16,14,114.29,0,0,1,1,5,0,10,228,312,13,29-Mar,24,8.21,17.54,0,0
2022,221,16,6,40,17*,20,29,137.93,0,0,2,1,2,0,16,372,492,16,18-Feb,30.75,7.94,23.25,0,0
2021,221,14,4,1,1*,0,4,25,0,0,0,0,5,0,14,308,406,13,28-Mar,31.23,7.9,23.69,0,0
2020,221,15,0,0,0*,0,1,0,0,0,0,0,4,0,15,344,457,25,18-Apr,18.28,7.97,13.76,1,0
2019,221,5,2,7,6,7,4,175,0,0,0,1,2,0,5,114,163,5,27-Feb,32.6,8.57,22.8,0,0
2018,221,14,0,0,0*,0,2,0,0,0,0,0,9,0,14,316,466,18,20-Feb,25.88,8.84,17.55,0,0
2017,221,6,1,5,5*,0,8,62.5,0,0,0,0,0,0,6,143,216,5,Feb-30,43.2,9.06,28.6,0,0
2016,221,1,0,0,0,0,0,0,0,0,0,0,1,0,1,24,39,1,Jan-39,39,9.75,24,0,0
2015,221,7,0,0,0,0,0,0,0,0,0,0,2,0,7,168,236,9,19-Mar,26.22,8.42,18.66,0,0
2024,246,1,0,0,0,0,0,0,0,0,0,0,0,0,1,18,25,1,25-Jan,25,8.33,18,0,0
2023,246,14,0,0,0,0,0,0,0,0,0,0,1,0,14,317,432,21,17-Apr,20.57,8.18,15.1,3,0
2022,246,17,1,5,5,5,8,62.5,0,0,0,0,0,0,17,408,527,27,May-40,19.52,7.75,15.11,1,1
2021,246,15,2,10,8*,0,27,37.03,0,0,0,0,4,0,15,318,374,18,11-Mar,20.77,7.05,17.66,0,0
2020,246,15,1,1,1,1,3,33.33,0,0,0,0,1,0,15,343,405,21,18-Mar,19.28,7.08,16.33,0,0
2019,246,14,1,6,4,3,16,37.5,0,0,0,0,3,0,14,296,386,18,Apr-38,21.44,7.82,16.44,1,0
2018,246,14,1,0,0*,0,4,0,0,0,0,0,2,0,14,300,363,12,22-Feb,30.25,7.26,25,0,0
2017,246,13,3,13,4*,4.33,26,50,0,0,0,0,3,0,13,261,333,14,16-Mar,23.78,7.65,18.64,0,0
2016,246,13,0,0,0,0,0,0,0,0,0,0,4,0,13,295,401,21,25-Apr,19.09,8.15,14.04,1,0
2015,246,15,2,1,1*,0,1,100,0,0,0,0,4,0,15,281,415,23,Mar-40,18.04,8.86,12.21,0,0
2014,246,14,2,1,1*,0,1,100,0,0,0,0,3,0,14,330,386,12,17-Feb,32.16,7.01,27.5,0,0
2013,246,1,0,0,0,0,0,0,0,0,0,0,0,0,1,24,34,0,0/34,0,8.5,0,0,0
2017,6,6,0,5,5,5,7,71.42,0,0,1,0,0,0,6,119,163,7,22-Feb,23.28,8.21,17,0,0
2016,6,5,0,0,0*,0,1,0,0,0,0,0,0,0,5,102,115,12,19-Jun,9.58,6.76,8.5,0,1
2020,6,0,0,0,0,0,0,0,0,0,0,0,0,0,3,66,92,2,12-Jan,46,8.36,33,0,0
2024,128,1,0,0,0,0,0,0,0,0,0,0,1,0,1,18,30,1,30-Jan,30,10,18,0,0
2024,54,2,0,38,35,19,30,126.67,0,0,8,0,0,0,2,0,0,0,0,0,0,0,0,0
2023,54,14,1,730,84,56.15,475,153.68,0,8,60,36,3,0,14,0,0,0,0,0,0,0,0,0
2022,54,16,1,468,96,31.2,367,127.52,0,3,49,13,4,0,16,0,0,0,0,0,0,0,0,0
2021,54,16,2,633,95*,45.21,458,138.2,0,6,60,23,12,0,16,0,0,0,0,0,0,0,0,0
2020,54,13,2,449,87*,40.81,319,140.75,0,4,42,14,12,0,13,0,0,0,0,0,0,0,0,0
2019,54,12,1,396,96,36,321,123.36,0,3,36,15,12,0,12,0,0,0,0,0,0,0,0,0
2018,54,6,1,162,67*,32.4,129,125.58,0,1,17,6,1,0,6,0,0,0,0,0,0,0,0,0
2017,54,2,0,8,8,8,7,114.28,0,0,1,0,0,0,2,0,0,0,0,0,0,0,0,0
2016,54,6,0,206,69,34.33,162,127.16,0,2,17,9,4,0,6,0,0,0,0,0,0,0,0,0
2015,54,17,2,380,55,29.23,304,125,0,1,37,5,8,0,17,0,0,0,0,0,0,0,0,0
2014,54,15,1,303,54*,27.54,235,128.93,0,2,26,7,13,0,15,0,0,0,0,0,0,0,0,0
2012,54,13,0,398,73,33.16,304,130.92,0,3,29,17,4,0,13,6,16,0,0/16,0,16,0,0,0
2024,156,2,0,18,18,9,21,85.71,0,0,1,1,2,0,2,0,0,0,0,0,0,0,0,0
2022,156,8,1,333,112*,55.5,218,152.75,1,2,27,18,4,0,8,0,0,0,0,0,0,0,0,0
2021,156,4,0,71,31,17.75,62,114.51,0,0,3,3,1,0,4,0,0,0,0,0,0,0,0,0
2024,233,2,0,98,77,49,69,142.03,0,1,11,3,2,0,2,0,0,0,0,0,0,0,0,0
2023,233,14,2,639,101*,53.25,457,139.82,2,6,65,16,13,0,14,0,0,0,0,0,0,0,0,0
2022,233,16,1,341,73,22.73,294,115.99,0,2,32,8,9,0,16,0,0,0,0,0,0,0,0,0
2021,233,15,1,405,72*,28.92,339,119.46,0,3,43,9,8,0,15,0,0,0,0,0,0,0,0,0
2020,233,15,4,466,90*,42.36,384,121.35,0,3,23,11,3,0,15,0,0,0,0,0,0,0,0,0
2019,233,14,0,464,100,33.14,328,141.46,1,2,46,13,5,0,14,0,0,0,0,0,0,0,0,0
2018,233,14,3,530,92*,48.18,381,139.1,0,4,52,18,8,0,14,0,0,0,0,0,0,0,0,0
2017,233,10,0,308,64,30.8,252,122.22,0,4,23,11,6,0,10,0,0,0,0,0,0,0,0,0
2016,233,16,4,973,113,81.08,640,152.03,4,7,83,38,6,0,16,6,13,0,0/13,0,13,0,0,0
2015,233,16,5,505,82*,45.9,386,130.82,0,3,35,23,7,0,16,11,10,0,0/4,0,5.45,0,0,0
2014,233,14,1,359,73,27.61,294,122.1,0,2,23,16,7,0,14,0,0,0,0,0,0,0,0,0
2013,233,16,2,634,99,45.28,457,138.73,0,6,64,22,7,0,16,0,0,0,0,0,0,0,0,0
2012,233,16,2,364,73*,28,326,111.65,0,2,33,9,7,0,16,18,49,0,0/13,0,16.33,0,0,0
2011,233,16,4,557,71,46.41,460,121.08,0,4,55,16,7,0,16,102,139,2,8-Jan,69.5,8.17,51,0,0
2010,233,16,2,307,58,27.9,212,144.81,0,1,26,12,3,0,16,32,50,0,0/1,0,9.37,0,0,0
2009,233,16,2,246,50,22.36,219,112.32,0,1,22,8,9,0,16,36,46,0,0/9,0,7.66,0,0,0
2008,233,13,1,165,38,15,157,105.09,0,0,18,4,2,0,13,46,61,2,25-Feb,30.5,7.95,23,0,0
2024,20,2,0,59,48,29.5,39,151.28,0,0,5,3,4,0,2,0,0,0,0,0,0,0,0,0
2023,20,9,4,91,29*,30.33,71,128.17,0,0,6,4,3,0,9,0,0,0,0,0,0,0,0,0
2022,20,8,0,129,66,16.13,118,109.32,0,1,10,7,6,0,8,0,0,0,0,0,0,0,0,0
2021,20,2,0,0,0*,0,1,0,0,0,0,0,3,0,2,0,0,0,0,0,0,0,0,0
2024,51,2,2,66,38*,0,36,183.33,0,0,6,4,0,0,2,0,0,0,0,0,0,0,0,0
2023,51,13,1,140,30,11.67,104,134.62,0,0,13,5,8,2,13,0,0,0,0,0,0,0,0,0
2022,51,16,10,330,66*,55,180,183.33,0,1,27,22,10,2,16,0,0,0,0,0,0,0,0,0
2021,51,17,5,223,40,22.3,170,131.17,0,0,22,7,5,2,17,0,0,0,0,0,0,0,0,0
2020,51,14,2,169,58,14.08,134,126.11,0,1,20,4,9,0,14,0,0,0,0,0,0,0,0,0
2019,51,14,5,253,97*,31.62,173,146.24,0,2,22,14,7,0,14,0,0,0,0,0,0,0,0,0
2018,51,16,6,498,52,49.8,337,147.77,0,2,49,16,14,4,16,0,0,0,0,0,0,0,0,0
2017,51,14,3,361,65,36.1,259,139.38,0,2,30,11,8,0,14,0,0,0,0,0,0,0,0,0
2016,51,16,2,335,53,25.76,266,125.93,0,3,38,3,11,3,16,0,0,0,0,0,0,0,0,0
2015,51,16,0,141,28,12.81,117,120.51,0,0,15,4,14,4,16,0,0,0,0,0,0,0,0,0
2014,51,14,0,325,69,23.21,258,125.96,0,3,28,11,7,2,14,0,0,0,0,0,0,0,0,0
2013,51,19,1,510,86,28.33,411,124.08,0,2,54,14,12,2,19,0,0,0,0,0,0,0,0,0
2012,51,17,1,238,44,18.3,213,111.73,0,0,30,2,5,2,17,0,0,0,0,0,0,0,0,0
2011,51,14,2,282,69,25.63,220,128.18,0,1,32,7,7,0,14,0,0,0,0,0,0,0,0,0
2010,51,14,1,278,69,21.38,237,117.29,0,1,26,6,6,6,14,0,0,0,0,0,0,0,0,0
2009,51,15,5,288,52,36,217,132.72,0,1,20,9,12,5,15,0,0,0,0,0,0,0,0,0
2008,51,13,2,145,56*,24.16,107,135.51,0,1,13,4,6,2,13,0,0,0,0,0,0,0,0,0
2023,210,5,0,35,19,8.75,29,120.69,0,0,1,2,5,0,5,0,0,0,0,0,0,0,0,0
2022,210,5,0,67,34,13.4,59,113.56,0,0,7,2,5,0,5,0,0,0,0,0,0,0,0,0
No stats,239,No stats,No stats,No stats,No stats,No stats,No stats,No stats,No stats,No stats,No stats,No stats,No stats,No stats,No stats,No stats,No stats,No stats,No stats,No stats,No stats,No stats,No stats,No stats
No stats,183,No stats,No stats,No stats,No stats,No stats,No stats,No stats,No stats,No stats,No stats,No stats,No stats,No stats,No stats,No stats,No stats,No stats,No stats,No stats,No stats,No stats,No stats,No stats
2024,57,2,0,3,3,1.5,6,50,0,0,0,0,1,0,2,24,36,2,Feb-29,18,9,12,0,0
2023,57,14,2,400,77,33.33,218,183.49,0,5,29,31,4,0,14,62,94,3,3-Jan,31.33,9.1,20.67,0,0
2022,57,13,2,301,55,27.36,178,169.1,0,1,31,15,5,0,13,144,165,6,22-Feb,27.5,6.88,24,0,0
2021,57,15,2,513,78,42.75,356,144.1,0,6,48,21,5,0,15,96,135,3,23-Feb,45,8.43,32,0,0
2020,57,13,4,108,32,15.42,106,101.88,0,0,9,0,4,0,13,126,169,3,10-Jan,56.33,8.04,42,0,0
2018,57,12,0,169,47,14.08,120,140.83,0,0,14,9,4,0,12,96,132,5,22-Feb,26.4,8.25,19.2,0,0
2017,57,14,3,310,47,31,179,173.18,0,0,19,26,7,0,14,114,125,7,15-Feb,17.85,6.57,16.28,0,0
2016,57,11,2,179,68,19.88,124,144.35,0,2,14,8,3,0,11,54,80,0,0/3,0,8.88,0,0,0
2015,57,11,0,145,43,13.18,112,129.46,0,0,13,8,2,0,11,60,97,2,5-Jan,48.5,9.7,30,0,0
2014,57,16,0,552,95,34.5,294,187.75,0,4,48,36,9,0,16,66,132,1,21-Jan,132,12,66,0,0
2013,57,3,1,36,23,18,27,133.33,0,0,1,4,1,0,3,12,23,0,0/5,0,11.5,0,0,0
2012,57,2,1,6,3*,6,11,54.54,0,0,0,0,0,0,2,18,22,1,10-Jan,22,7.33,18,0,0
2024,99,1,1,17,17*,0,8,212.5,0,0,2,1,0,0,1,0,0,0,0,0,0,0,0,0
2023,99,12,2,135,54*,16.88,97,139.18,0,1,9,8,4,0,12,12,17,0,0/4,0,8.5,0,0,0
2022,99,7,0,86,42,17.2,57,150.88,0,0,7,4,2,0,7,12,18,0,0/7,0,9,0,0,0
2021,99,4,1,94,43,31.33,73,128.76,0,0,3,6,0,0,4,42,47,1,22-Jan,47,6.71,42,0,0
2020,99,3,0,59,47,19.66,54,109.25,0,0,2,3,0,0,3,0,0,0,0,0,0,0,0,0
2019,99,2,0,8,8,8,3,266.66,0,0,2,0,1,0,2,0,0,0,0,0,0,0,0,0
2018,99,2,1,20,11,20,21,95.23,0,0,1,0,0,0,2,18,27,0,0/8,0,9,0,0,0
2024,81,1,0,0,0,0,0,0,0,0,0,0,0,0,1,12,24,1,24-Jan,24,12,12,0,0
2023,81,7,0,3,2,1.5,5,60,0,0,0,0,0,0,7,129,223,10,19-Feb,22.3,10.37,12.9,0,0
2020,81,5,0,0,0,0,0,0,0,0,0,0,0,0,5,114,165,5,25-Feb,33,8.68,22.8,0,0
2019,81,1,0,0,0,0,0,0,0,0,0,0,0,0,1,17,33,1,Jan-33,33,11.64,17,0,0
2018,81,6,1,0,0,0,0,0,0,0,0,0,3,0,6,57,89,4,13-Feb,22.25,9.36,14.25,0,0
2017,81,9,0,49,19,8.16,41,119.51,0,0,5,2,3,0,9,184,214,13,16-Apr,16.46,6.97,14.15,1,0
2016,81,5,3,36,26*,0,30,120,0,0,3,1,0,0,5,98,171,0,0/24,0,10.46,0,0,0
2015,81,14,3,104,32,17.33,85,122.35,0,0,3,6,4,0,14,239,332,10,12-Feb,33.2,8.33,23.9,0,0
2014,81,14,4,42,17*,10.5,29,144.82,0,0,1,3,0,0,14,304,376,15,Apr-38,25.06,7.42,20.26,1,0
2013,81,13,3,85,39*,21.25,86,98.83,0,0,6,2,4,0,13,209,230,11,19-Feb,20.9,6.6,19,0,0
2009,81,1,1,0,0,0,0,0,0,0,0,0,0,0,0,0,0,0,0,0,0,0,0,0
2024,36,2,0,21,18,10.5,27,77.78,0,0,1,0,1,0,2,30,46,2,27-Feb,23,9.2,15,0,0
2023,36,16,7,452,100*,50.22,282,160.28,1,2,40,22,5,0,16,228,361,6,Feb-41,60.17,9.5,38,0,0
2023,212,2,1,2,2*,0,4,50,0,0,0,0,0,0,2,12,18,0,0/7,0,9,0,0,0
2024,108,2,0,0,0,0,0,0,0,0,0,0,0,0,2,30,40,0,0/6,0,8,0,0,0
2023,108,3,0,0,0,0,0,0,0,0,0,0,0,0,3,66,83,1,Jan-37,83,7.55,66,0,0
No stats,102,No stats,No stats,No stats,No stats,No stats,No stats,No stats,No stats,No stats,No stats,No stats,No stats,No stats,No stats,No stats,No stats,No stats,No stats,No stats,No stats,No stats,No stats,No stats
2023,10,2,0,17,17,17,8,212.5,0,0,2,1,1,0,2,30,59,1,29-Jan,59,11.8,30,0,0
2022,10,5,0,0,0,0,2,0,0,0,0,0,2,0,5,113,205,5,Mar-45,41,10.88,22.6,0,0
2024,13,2,0,0,0,0,0,0,0,0,0,0,0,0,2,46,81,1,Jan-43,81,10.57,46,0,0
2023,13,7,2,7,7*,0,12,58.33,0,0,1,0,2,0,7,144,225,7,27-Feb,32.14,9.38,20.57,0,0
2022,13,9,2,5,4*,5,7,71.43,0,0,0,0,1,0,9,180,264,7,Feb-34,37.71,8.8,25.71,0,0
2019,13,3,2,15,15*,0,13,115.38,0,0,2,0,1,0,3,52,87,6,12-Jun,14.5,10.03,8.66,0,1
2023,95,3,0,0,0,0,0,0,0,0,0,0,0,0,3,46,96,1,19-Jan,96,12.52,46,0,0
2022,95,13,1,5,5,2.5,4,125,0,0,1,0,2,0,13,286,427,12,28-Apr,35.58,8.96,23.83,1,0
2021,95,8,3,18,18*,0,11,163.63,0,0,1,1,3,0,8,180,224,13,18-Mar,17.23,7.46,13.84,0,0
2020,95,5,2,43,24*,0,29,148.27,0,0,4,1,0,0,5,119,148,6,15-Mar,24.66,7.46,19.83,0,0
2019,95,5,0,0,0,0,0,0,0,0,0,0,0,0,5,102,183,2,Jan-38,91.5,10.76,51,0,0
2017,95,4,1,1,1*,0,1,100,0,0,0,0,0,0,4,78,93,3,7-Feb,31,7.15,26,0,0
2024,117,2,0,0,0,0,0,0,0,0,0,0,0,0,2,48,64,2,26-Feb,32,8,24,0,0
2023,117,14,1,1,1*,1,2,50,0,0,0,0,4,0,14,300,376,19,21-Apr,19.79,7.52,15.79,1,0
2022,117,15,3,30,14*,15,33,90.91,0,0,5,0,6,0,15,306,514,9,Feb-30,57.11,10.08,34,0,0
2021,117,15,3,20,12*,20,26,76.92,0,0,1,1,4,0,15,312,353,11,27-Mar,32.09,6.78,28.36,0,0
2020,117,9,2,17,10*,17,14,121.42,0,0,2,0,4,0,9,163,236,11,8-Mar,21.45,8.68,14.81,0,0
2019,117,9,3,4,3*,4,14,28.57,0,0,0,0,2,0,9,169,269,7,Feb-38,38.42,9.55,24.14,0,0
2018,117,11,2,25,14,12.5,22,113.63,0,0,2,1,5,0,11,246,367,11,25-Mar,33.36,8.95,22.36,0,0
2017,117,6,0,0,0,0,0,0,0,0,0,0,1,0,6,138,212,10,Apr-32,21.2,9.21,13.8,1,0
2024,241,2,0,0,0,0,0,0,0,0,0,0,0,0,2,42,51,2,23-Jan,25.5,7.29,21,0,0
2023,241,5,0,0,0,0,0,0,0,0,0,0,1,0,5,84,165,2,31-Jan,82.5,11.79,42,0,0
2022,241,9,0,0,0,0,1,0,0,0,0,0,1,0,9,192,296,11,Mar-40,26.91,9.25,17.45,0,0
2021,218,3,1,21,21,21,17,123.52,0,0,2,0,0,0,3,68,104,4,29-Mar,26,9.17,17,0,0
2020,218,5,3,83,54*,83,62,133.87,0,1,5,3,1,0,5,109,208,3,Jan-37,69.33,11.44,36.33,0,0
2018,218,5,1,23,18,7.66,28,82.14,0,0,3,0,1,0,5,61,118,6,19-Feb,19.66,11.6,10.16,0,0
2023,164,1,0,0,0,0,0,0,0,0,0,0,0,0,1,12,14,1,14-Jan,14,7,12,0,0
2023,66,1,0,0,0,0,0,0,0,0,0,0,0,0,1,18,28,0,0/28,0,9.33,0,0,0
No stats,155,No stats,No stats,No stats,No stats,No stats,No stats,No stats,No stats,No stats,No stats,No stats,No stats,No stats,No stats,No stats,No stats,No stats,No stats,No stats,No stats,No stats,No stats,No stats
2023,236,7,1,13,13*,13,9,144.44,0,0,0,1,1,0,7,144,253,9,20-Mar,28.11,10.54,16,0,0
2024,1,1,0,15,15,15,11,136.36,0,0,1,1,0,0,1,0,0,0,0,0,0,0,0,0
2023,1,9,4,169,37*,42.25,128,132.03,0,0,10,11,4,0,9,0,0,0,0,0,0,0,0,0
2022,1,2,0,4,4,2,7,57.14,0,0,0,0,1,0,2,6,8,0,0/8,0,8,0,0,0
2021,1,11,1,111,28,12.33,87,127.58,0,0,4,8,8,0,11,6,9,1,9-Jan,9,9,6,0,0
2020,1,12,3,111,33,22.2,65,170.76,0,0,8,6,5,0,12,42,96,1,Jan-41,96,13.71,42,0,0
2024,7,1,0,18,18,18,13,138.46,0,0,2,0,1,0,1,0,0,0,0,0,0,0,0,0
2023,7,13,2,248,50,22.55,197,125.89,0,1,18,8,11,0,13,49,70,1,24-Jan,70,8.57,49,0,0
2022,7,14,4,381,68*,47.63,274,139.05,0,3,25,19,6,0,14,36,64,1,8-Jan,64,10.67,36,0,0
2021,7,6,1,146,42,29.2,119,122.68,0,0,12,4,3,0,6,24,23,0,0/5,0,5.75,0,0,0
2024,154,1,0,20,20,20,20,100,0,0,0,1,1,0,1,0,0,0,0,0,0,0,0,0
2023,154,13,1,273,74*,22.75,213,128.17,0,1,29,10,2,0,13,0,0,0,0,0,0,0,0,0
2022,154,14,3,413,76,37.55,261,158.24,0,3,40,20,6,0,14,0,0,0,0,0,0,0,0,0
2021,154,17,2,397,74*,28.35,283,140.28,0,2,41,11,8,0,17,0,0,0,0,0,0,0,0,0
2020,154,11,1,230,81,23,181,127.07,0,1,21,10,3,0,11,0,0,0,0,0,0,0,0,0
2019,154,8,1,141,50,23.5,118,119.49,0,1,13,2,3,0,8,0,0,0,0,0,0,0,0,0
2018,154,12,3,226,80*,25.11,167,135.32,0,1,18,8,4,0,12,0,0,0,0,0,0,0,0,0
2017,154,14,0,391,93,27.92,267,146.44,0,2,43,17,5,0,14,6,12,0,0/12,0,12,0,0,0
2023,58,5,0,39,25,7.8,22,177.27,0,0,2,4,2,0,5,18,20,1,10-Jan,20,6.67,18,0,0
2021,58,3,1,26,14*,13,33,78.78,0,0,1,2,1,0,3,12,20,1,17-Jan,20,10,12,0,0
2024,107,1,0,32,32,32,21,152.38,0,0,4,1,0,0,1,0,0,0,0,0,0,0,0,0
2023,107,10,0,270,83,27,210,128.57,0,1,29,6,6,0,10,0,0,0,0,0,0,0,0,0
2022,107,13,0,196,52,16.33,160,122.5,0,1,23,6,10,0,13,0,0,0,0,0,0,0,0,0
2021,107,12,1,441,99*,40.09,314,140.44,0,4,42,18,5,0,12,0,0,0,0,0,0,0,0,0
2020,107,11,0,424,106,38.54,271,156.45,1,2,44,15,6,0,11,0,0,0,0,0,0,0,0,0
2019,107,13,0,332,58,25.53,234,141.88,0,2,26,14,7,0,13,0,0,0,0,0,0,0,0,0
2018,107,11,1,120,30,12,94,127.65,0,0,9,5,2,0,11,0,0,0,0,0,0,0,0,0
2017,107,3,0,26,20,8.66,27,96.29,0,0,3,0,1,0,3,0,0,0,0,0,0,0,0,0
2016,107,3,0,27,10,9,25,108,0,0,3,1,0,0,3,0,0,0,0,0,0,0,0,0
2015,107,10,1,213,68,23.66,177,120.33,0,2,23,7,3,0,10,0,0,0,0,0,0,0,0,0
2014,107,8,0,115,31,14.37,91,126.37,0,0,12,3,1,0,8,0,0,0,0,0,0,0,0,0
2013,107,5,0,67,29,13.4,62,108.06,0,0,6,3,3,0,5,0,0,0,0,0,0,0,0,0
2012,107,16,1,225,64*,20.45,158,142.4,0,1,19,15,9,0,16,0,0,0,0,0,0,0,0,0
2011,107,8,0,141,41,20.14,120,117.5,0,0,16,4,3,0,8,0,0,0,0,0,0,0,0,0
2023,17,4,0,105,36,26.25,82,128.05,0,0,15,2,1,0,4,0,0,0,0,0,0,0,0,0
2022,17,2,0,13,8,6.5,13,100,0,0,1,0,0,0,2,0,0,0,0,0,0,0,0,0
2021,17,1,0,16,16,16,14,114.28,0,0,2,1,0,0,1,0,0,0,0,0,0,0,0,0
2024,65,1,0,63,63,63,29,217.24,0,1,0,8,0,0,1,0,0,0,0,0,0,0,0,0
2023,65,12,2,448,104,49.78,253,177.08,1,2,32,25,3,1,12,0,0,0,0,0,0,0,0,0
2019,65,3,0,9,6,4.5,10,90,0,0,0,0,0,0,0,0,0,0,0,0,0,0,0,0
2018,65,4,1,57,32,19,47,121.27,0,0,5,1,3,4,4,0,0,0,0,0,0,0,0,0
No stats,226,No stats,No stats,No stats,No stats,No stats,No stats,No stats,No stats,No stats,No stats,No stats,No stats,No stats,No stats,No stats,No stats,No stats,No stats,No stats,No stats,No stats,No stats,No stats
2023,135,2,0,0,0,0,0,0,0,0,0,0,1,0,2,30,54,0,0/19,0,10.8,0,0,0
2017,220,7,2,151,75*,30.2,108,139.81,0,1,9,6,2,0,7,48,81,2,Feb-30,40.5,10.12,24,0,0
2016,220,3,1,54,37,27,40,135,0,0,3,2,0,0,3,0,0,0,0,0,0,0,0,0
2024,3,1,0,32,32,32,19,168.42,0,0,4,2,0,0,1,0,0,0,0,0,0,0,0,0
2023,3,11,0,226,67,20.55,157,143.95,0,2,28,6,4,0,11,72,124,2,26-Jan,62,10.33,36,0,0
2022,3,14,0,426,75,30.43,320,133.13,0,2,47,13,1,0,14,24,38,0,0/10,0,9.5,0,0,0
2021,3,8,1,98,33,16.33,75,130.66,0,0,7,4,2,0,8,60,64,4,4-Feb,16,6.4,15,0,0
2020,3,8,2,71,31,14.2,56,126.78,0,0,6,3,1,0,8,60,91,2,15-Jan,45.5,9.1,30,0,0
2019,3,3,1,9,5*,4.5,9,100,0,0,1,0,2,0,3,12,21,1,10-Jan,21,10.5,12,0,0
2018,3,3,2,63,46*,63,33,190.9,0,0,3,5,1,0,3,0,0,0,0,0,0,0,0,0
2024,103,1,1,1,1*,0,1,100,0,0,0,0,2,0,1,18,40,0,0/40,0,13.33,0,0,0
2023,103,8,3,39,17*,13,43,90.7,0,0,4,0,3,0,8,162,267,10,16-Feb,26.7,9.89,16.2,0,0
2022,103,8,2,9,8*,9,7,128.57,0,0,0,1,3,0,8,192,274,7,25-Mar,39.14,8.56,27.43,0,0
2021,103,2,0,0,0*,0,3,0,0,0,0,0,1,0,2,36,45,2,28-Feb,22.5,7.5,18,0,0
2023,238,7,1,60,24*,15,60,100,0,0,6,0,2,0,7,106,146,3,28-Mar,48.67,8.26,35.33,0,0
2022,238,9,0,101,40,14.43,69,146.38,0,0,9,3,1,0,9,168,239,6,21-Feb,39.83,8.54,28,0,0
2021,238,6,0,31,10,7.75,47,65.95,0,0,2,0,2,0,6,96,118,3,7-Jan,39.33,7.37,32,0,0
2020,238,15,3,111,30,18.5,95,116.84,0,0,10,2,0,0,15,300,298,8,16-Feb,37.25,5.96,37.5,0,0
2019,238,3,0,1,1,0.5,3,33.33,0,0,0,0,2,0,3,54,74,4,24-Mar,18.5,8.22,13.5,0,0
2018,238,7,3,65,35,21.66,38,171.05,0,0,5,4,0,0,7,120,192,4,22-Feb,48,9.6,30,0,0
2017,238,11,5,9,5*,9,12,75,0,0,0,0,5,0,11,180,185,8,16-Mar,23.12,6.16,22.5,0,0
2023,182,2,1,11,7,11,9,122.22,0,0,1,1,0,0,2,0,0,0,0,0,0,0,0,0
2023,237,8,3,33,12*,16.5,28,117.86,0,0,3,0,0,0,8,174,258,9,24-Feb,28.67,8.9,19.33,0,0
2022,237,16,0,38,18,5.43,43,88.37,0,0,4,1,3,0,16,342,430,26,18-May,16.54,7.54,13.15,1,1
2021,237,2,1,1,1*,1,2,50,0,0,0,0,0,0,2,36,60,0,0/20,0,10,0,0,0
2024,139,1,1,0,0*,0,1,0,0,0,0,0,1,0,1,24,32,1,Jan-32,32,8,24,0,0
2022,139,5,1,63,56*,15.75,24,262.5,0,1,5,6,1,0,5,119,212,7,22-Mar,30.29,10.69,17,0,0
2021,139,7,2,93,66*,31,56,166.07,0,1,5,8,2,0,7,161,237,9,24-Mar,26.33,8.83,17.88,0,0
2020,139,14,4,146,53*,20.85,114,128.07,0,1,9,8,3,0,14,312,409,12,Apr-34,34.08,7.86,26,1,0
2017,139,12,4,77,24,15.4,53,145.28,0,0,5,4,1,0,12,277,373,15,20-Feb,24.86,8.07,18.46,0,0
2015,139,3,0,0,0*,0,2,0,0,0,0,0,1,0,3,60,97,1,Jan-54,97,9.7,60,0,0
2014,139,1,0,0,0,0,0,0,0,0,0,0,0,0,1,24,29,1,29-Jan,29,7.25,24,0,0
2023,12,6,0,0,0,0,0,0,0,0,0,0,1,0,6,114,188,5,Feb-40,37.6,9.89,22.8,0,0
2021,12,0,0,0,0,0,0,0,0,0,0,0,0,0,1,24,39,0,0/39,0,9.75,0,0,0
2024,184,1,0,16,16,16,5,320,0,0,1,2,0,0,1,6,14,0,0/14,0,14,0,0,0
2023,184,10,2,42,20*,10.5,39,107.69,0,0,3,1,5,0,10,42,95,1,Jan-38,95,13.57,42,0,0
2022,184,16,3,219,45,27.38,181,120.99,0,0,14,9,8,0,16,210,336,4,26-Feb,84,9.6,52.5,0,0
2021,184,11,0,59,14,8.42,53,111.32,0,0,4,2,4,0,11,84,92,7,7-Mar,13.14,6.57,12,0,0
2020,184,2,1,1,1*,0,1,100,0,0,0,0,1,0,2,36,44,2,26-Feb,22,7.33,18,0,0
2024,34,1,0,0,0,0,0,0,0,0,0,0,0,0,1,24,51,0,0/51,0,12.75,0,0,0
2023,34,14,3,42,27,14,47,89.36,0,0,4,0,3,0,14,306,425,16,30-May,26.56,8.33,19.13,0,1
2022,34,14,3,24,8,8,26,92.31,0,0,3,0,2,0,14,313,383,12,22-Mar,31.92,7.34,26.08,0,0
2021,34,11,6,34,14*,34,30,113.33,0,0,3,0,0,0,11,252,335,6,16-Jan,55.83,7.97,42,0,0
2020,34,4,0,0,0*,0,2,0,0,0,0,0,0,0,4,85,99,3,25-Feb,33,6.98,28.33,0,0
2019,34,15,2,12,7*,4,19,63.15,0,0,1,0,4,0,15,354,461,13,24-Feb,35.46,7.81,27.23,0,0
2018,34,12,2,13,7,6.5,16,81.25,0,0,1,0,2,0,12,277,354,9,26-Mar,39.33,7.66,30.77,0,0
2017,34,14,1,4,4*,4,4,100,0,0,0,0,4,0,14,314,369,26,19-May,14.19,7.05,12.07,0,1
2016,34,17,2,43,21,7.16,27,159.25,0,0,6,1,6,0,17,396,490,23,29-Apr,21.3,7.42,17.21,1,0
2015,34,14,2,17,11*,17,10,170,0,0,2,1,5,0,14,310,407,18,26-Mar,22.61,7.87,17.22,0,0
2014,34,14,1,1,1,1,4,25,0,0,0,0,2,0,14,319,354,20,14-Apr,17.7,6.65,15.95,1,0
2013,34,16,2,52,24*,7.42,71,73.23,0,0,3,1,2,0,16,342,371,13,18-Mar,28.53,6.5,26.3,0,0
2012,34,11,6,40,11*,13.33,40,100,0,0,4,0,0,0,11,234,281,8,9-Feb,35.12,7.2,29.25,0,0
2011,34,4,0,1,1,0,1,0,0,0,0,0,2,0,4,66,67,3,14-Feb,22.33,6.09,22,0,0
2023,55,4,1,1,1*,0,5,20,0,0,0,0,1,0,4,80,117,4,Feb-41,29.25,8.78,20,0,0
2022,55,3,1,2,2*,0,8,25,0,0,0,0,0,0,3,72,110,2,Feb-32,55,9.17,36,0,0
2023,72,3,0,9,9,9,7,128.57,0,0,1,0,0,0,3,48,92,0,0/26,0,11.5,0,0,0
2022,72,5,2,59,19*,19.67,37,159.46,0,0,4,3,1,0,5,120,190,6,Feb-32,31.67,9.5,20,0,0
2021,72,6,1,41,24,20.5,29,141.37,0,0,3,2,1,0,6,132,168,4,15-Mar,42,7.63,33,0,0
2020,72,7,0,9,9,9,13,69.23,0,0,0,0,1,0,7,138,228,4,Feb-32,57,9.91,34.5,0,0
2019,72,11,3,1,1,1,3,33.33,0,0,0,0,4,0,11,224,398,10,26-Feb,39.8,10.66,22.4,0,0
2018,72,15,3,49,26,12.25,38,128.94,0,0,6,1,6,0,15,302,486,11,Mar-46,44.18,9.65,27.45,0,0
2017,72,12,2,2,2*,0,5,40,0,0,0,0,9,0,12,275,322,24,30-May,13.41,7.02,11.45,0,1
2016,72,1,0,0,0,0,0,0,0,0,0,0,0,0,1,18,49,0,0/49,0,16.33,0,0,0
2015,72,1,0,0,0,0,0,0,0,0,0,0,0,0,1,18,30,0,0/30,0,10,0,0,0
2014,72,9,1,1,1*,1,6,16.66,0,0,0,0,0,0,9,187,270,9,Mar-32,30,8.66,20.77,0,0
2013,72,13,2,2,1,0,2,100,0,0,0,0,1,0,13,294,370,13,25-May,28.46,7.55,22.61,0,1
2012,72,1,0,0,0,0,0,0,0,0,0,0,0,0,1,18,32,0,0/32,0,10.66,0,0,0
2011,72,7,0,0,0,0,0,0,0,0,0,0,2,0,7,108,150,6,25-Feb,25,8.33,18,0,0
2010,72,3,0,0,0,0,0,0,0,0,0,0,1,0,3,62,85,4,26-Mar,21.25,8.22,15.5,0,0
2024,214,1,0,0,0,0,0,0,0,0,0,0,0,0,1,24,32,3,Mar-32,10.67,8,8,0,0
2023,214,12,0,0,0,0,0,0,0,0,0,0,3,0,12,270,410,10,23-Feb,41,9.11,27,0,0
2022,214,11,0,0,0,0,0,0,0,0,0,0,1,0,11,258,406,18,10-Mar,22.56,9.44,14.33,0,0
2021,214,2,0,0,0,0,0,0,0,0,0,0,0,0,2,48,69,2,Jan-32,34.5,8.62,24,0,0
2020,214,16,3,3,3*,0,5,60,0,0,0,0,3,0,16,377,504,16,24-Feb,31.5,8.02,23.56,0,0
2017,214,6,0,0,0,0,0,0,0,0,0,0,0,0,6,76,115,2,26-Jan,57.5,9.07,38,0,0
2023,225,8,1,19,19*,19,8,237.5,0,0,1,2,1,0,8,120,217,5,Feb-32,43.4,10.85,24,0,0
2022,225,14,3,4,3*,4,8,50,0,0,0,0,5,0,14,295,444,22,25-May,20.18,9.03,13.41,1,1
2021,225,3,0,0,0,0,0,0,0,0,0,0,0,0,3,72,96,2,21-Jan,48,8,36,0,0
2024,109,1,0,0,0,0,0,0,0,0,0,0,1,0,1,24,39,2,Feb-39,19.5,9.75,12,0,0
2023,109,10,3,21,18*,0,13,161.54,0,0,2,1,1,0,10,228,300,12,15-Apr,25,7.89,19,1,0
2022,109,2,0,0,0,0,0,0,0,0,0,0,2,0,2,42,57,1,26-Jan,57,8.14,42,0,0
2021,109,1,0,0,0,0,0,0,0,0,0,0,0,0,1,18,26,0,0/26,0,8.66,0,0,0
2019,109,3,1,6,6,6,5,120,0,0,1,0,0,0,3,36,59,1,23-Jan,59,9.83,36,0,0
2018,109,14,4,21,7*,10.5,24,87.5,0,0,2,0,3,0,14,264,368,15,23-Apr,24.53,8.36,17.6,1,0
